000067,61.4,12.3,24.6,0.0,12.3,42.1,0.0,22.8,1.8,100.0,46.3,46.3
000119,74.2,13.4,13.4,0.0,40.2,24.7,0.0,42.3,18.6,92.8,44.3,27.8
000208,64.4,12.2,11.1,0.0,30.0,18.9,1.1,35.6,8.9,92.2,40.9,20.3
000236,37.4,13.1,4.9,0.0,17.8,5.1,0.0,5.1,0.0,82.0,29.2,17.2
000298,63.0,0.0,0.0,0.0,60.0,0.0,0.0,0.0,0.0,93.3,28.6,
000300,0.0,0.0,0.0,0.0,0.0,0.0,0.0,0.0,0.0,72.7,0.0,
000302,63.0,0.0,0.0,0.0,41.7,0.0,0.0,0.0,0.0,91.7,26.7,5.6
000303,63.0,0.0,0.0,0.0,53.1,0.0,0.0,21.9,3.1,59.4,11.1,
000315,74.8,19.8,16.2,0.0,32.4,18.0,0.0,36.9,2.7,98.2,54.6,30.7
000338,85.7,9.5,19.0,0.0,61.9,28.6,4.8,0.0,0.0,100.0,25.0,25.0
000363,7.3,0.0,0.0,0.0,7.3,0.0,0.0,0.0,0.0,0.0,1.4,2.2
000364,73.8,23.8,28.8,0.0,28.8,35.0,0.0,37.5,0.0,98.8,47.4,25.0
000417,63.0,4.8,0.0,0.0,15.7,0.0,0.0,3.6,1.2,59.0,17.7,13.4
000450,84.1,4.5,34.1,0.0,47.7,36.4,2.3,31.8,4.5,93.2,37.7,18.5
000463,72.0,12.9,15.1,2.7,49.8,23.1,0.0,39.1,5.3,85.8,30.6,17.6
000513,90.0,0.0,0.0,0.0,90.0,0.0,0.0,10.0,0.0,90.0,0.0,
000520,24.1,9.3,3.7,0.0,0.0,14.8,0.0,0.0,0.0,96.3,60.9,34.0
000557,63.0,0.0,0.0,0.0,16.7,0.0,0.0,0.0,0.0,75.0,50.0,12.5
000558,63.0,27.3,9.1,0.0,0.0,22.7,0.0,0.0,0.0,86.4,70.8,
000562,52.0,20.6,15.7,0.0,24.5,11.8,0.0,34.3,1.0,87.3,41.7,28.1
000608,54.5,0.0,0.0,0.0,54.5,0.0,0.0,0.0,0.0,81.8,8.3,8.3
000616,66.7,0.0,0.0,0.0,66.7,0.0,0.0,0.0,0.0,73.3,21.4,
000621,0.0,0.0,0.0,0.0,0.0,0.0,0.0,0.0,0.0,46.7,15.8,
000679,0.0,0.0,0.0,0.0,0.0,0.0,0.0,0.0,0.0,47.1,41.7,15.0
000687,61.0,36.6,31.7,27.2,10.0,4.1,0.0,15.2,1.4,97.6,73.5,52.5
000725,22.9,0.0,14.3,0.0,0.0,5.7,0.0,22.9,0.0,74.3,54.5,14.8
000752,92.2,28.6,27.3,1.3,32.5,62.3,0.0,45.5,1.3,98.7,51.7,46.2
000770,63.0,0.0,0.0,0.0,31.6,0.0,0.0,5.3,0.0,68.4,10.9,
000778,67.2,12.1,20.7,0.0,17.2,41.4,0.0,31.0,12.1,100.0,51.9,32.7
000810,71.4,32.1,41.0,7.0,17.3,34.8,0.0,24.0,7.5,98.1,76.1,55.9
000844,55.8,16.3,14.0,2.3,25.6,14.0,0.0,23.3,2.3,100.0,60.0,31.3
000893,77.8,11.1,14.8,0.0,20.4,18.5,0.0,61.1,13.0,100.0,55.0,34.0
000919,68.8,17.5,26.3,0.0,25.0,48.8,0.0,41.3,16.3,100.0,53.6,29.5
000935,73.9,18.0,18.0,0.0,19.8,36.0,0.0,39.6,4.5,95.5,62.9,41.3
000992,54.2,16.7,27.1,0.0,12.5,18.8,0.0,25.0,8.3,91.7,44.7,33.3
001081,69.9,21.8,25.3,6.6,22.3,12.7,0.9,22.7,3.1,96.9,51.7,35.1
001123,55.1,3.3,9.8,0.4,27.3,7.3,0.4,16.3,9.8,85.7,32.4,13.3
001149,69.0,34.2,31.6,9.1,15.5,28.9,0.0,16.0,6.4,89.8,57.7,43.8
001198,98.4,19.7,41.0,3.3,63.9,42.6,0.0,52.5,45.9,100.0,48.5,36.4
001297,77.2,60.3,43.8,47.5,5.5,4.1,2.3,9.1,0.0,98.2,80.3,65.4
001370,73.8,50.4,54.6,29.9,5.0,34.6,0.0,2.6,0.8,98.2,88.1,66.8
001388,65.9,57.5,35.8,28.1,2.3,6.4,0.0,3.7,0.0,98.3,81.6,61.9
001420,67.7,21.5,36.9,0.0,13.8,35.4,0.0,20.0,1.5,95.4,53.1,40.7
001446,77.8,11.1,33.3,0.0,24.1,44.4,1.9,31.5,5.6,100.0,34.0,42.6
001545,63.0,8.6,10.9,0.4,33.5,12.8,0.0,22.6,3.9,85.6,33.6,17.2
001602,59.4,7.9,26.7,0.0,11.9,23.8,0.0,31.7,5.9,93.1,45.9,27.7
001701,63.5,16.6,19.3,9.4,25.4,7.2,1.1,27.6,8.8,97.2,51.0,35.1
001750,72.1,14.7,18.6,0.0,31.8,26.4,0.0,30.2,8.5,93.0,50.0,32.9
001792,70.5,54.4,49.3,30.4,6.5,4.6,0.0,6.0,1.8,99.1,88.6,69.5
001842,70.4,49.0,38.8,36.7,1.0,21.4,0.0,29.6,2.0,96.9,74.8,62.0
001883,47.1,0.0,23.5,0.0,11.8,5.9,0.0,11.8,0.0,94.1,29.4,30.8
001958,83.0,13.7,24.8,0.7,49.7,22.9,0.7,29.4,2.6,97.4,45.3,26.9
001966,66.0,33.8,31.8,12.7,9.1,26.2,0.2,19.6,2.5,95.8,72.4,50.2
002022,63.4,2.2,5.9,1.1,43.0,6.5,0.0,26.9,2.2,96.8,46.4,22.7
002139,31.0,3.4,11.5,0.0,9.2,1.1,0.0,12.6,3.4,87.4,42.4,15.3
002154,74.1,48.6,35.5,19.5,9.1,23.2,0.0,32.7,0.5,96.4,81.9,60.3
002220,56.4,13.3,18.6,4.8,12.2,22.9,1.1,30.3,2.1,96.8,29.9,22.4
002246,70.6,10.9,19.3,0.0,33.6,24.4,4.2,44.5,1.7,98.3,51.0,36.5
002303,51.5,0.0,0.0,0.0,49.5,4.9,0.0,0.0,0.0,59.8,25.0,3.4
002337,78.3,4.8,20.5,0.0,51.8,34.9,3.6,47.0,2.4,88.0,59.4,32.9
002436,88.6,9.5,21.0,2.9,41.0,29.5,1.0,48.6,8.6,97.1,50.0,35.4
002501,32.8,16.4,13.4,0.0,10.4,0.0,0.0,10.4,0.0,94.0,48.5,25.6
002568,78.9,8.6,17.2,0.0,40.6,22.7,0.0,52.3,7.0,92.2,35.7,25.4
002576,80.0,33.8,44.6,9.2,25.4,54.6,0.0,33.1,18.5,98.5,64.2,30.1
002675,69.1,60.4,31.4,51.2,1.9,5.8,0.0,4.8,0.0,96.1,85.3,60.5
002709,60.4,29.7,26.5,8.3,9.6,35.8,0.0,16.0,0.0,97.8,72.6,54.0
002782,81.5,13.6,18.5,0.0,42.0,32.1,0.0,40.7,7.4,96.3,45.1,29.8
002840,90.5,15.2,15.2,0.0,56.2,30.5,0.0,53.3,21.0,95.2,34.9,22.7
002873,74.2,10.6,22.7,0.0,22.7,34.8,0.0,40.9,13.6,90.9,55.0,20.7
002956,50.0,0.0,20.0,0.0,30.0,0.0,0.0,20.0,10.0,80.0,26.3,43.8
003038,67.5,34.9,50.6,0.0,6.0,54.2,0.0,15.7,0.0,94.0,63.8,41.3
003061,45.6,20.2,21.4,8.9,19.9,2.1,0.0,13.5,13.1,97.2,64.2,46.9
003228,83.0,24.5,34.0,0.0,28.3,47.2,0.0,58.5,15.1,100.0,58.2,30.8
003285,77.8,23.1,31.1,7.1,34.0,27.4,0.0,36.3,13.2,95.3,60.6,41.7
003301,46.6,5.9,2.3,0.0,32.9,3.7,0.9,12.3,2.3,80.4,23.6,9.1
003376,89.5,7.9,15.8,0.0,57.9,26.3,0.0,65.8,2.6,100.0,60.0,31.6
003467,77.6,66.7,42.6,31.7,9.3,8.3,0.0,15.4,0.0,98.7,80.5,63.9
003558,75.0,8.3,10.4,0.0,31.3,29.2,0.0,31.3,4.2,95.8,41.9,13.3
003640,72.1,16.3,23.3,0.0,34.9,34.9,0.0,37.2,9.3,83.7,56.8,30.0
003749,79.5,5.7,22.7,0.0,53.4,11.4,2.3,19.3,4.5,94.3,40.8,22.9
003780,68.9,12.2,12.2,2.2,34.4,16.7,0.0,34.4,33.3,94.4,46.4,23.1
003830,62.7,29.9,13.4,0.0,11.2,35.1,0.0,14.2,0.7,96.3,66.7,29.5
003863,73.9,24.4,37.8,9.2,29.4,26.1,0.0,42.9,28.6,99.2,63.8,42.3
003970,68.5,30.8,25.4,10.4,25.9,28.5,0.3,29.6,0.7,97.7,61.8,44.3
003996,63.0,1.5,3.4,0.0,26.7,3.0,0.4,16.9,35.3,86.8,49.6,23.0
004028,70.2,20.5,29.8,0.0,25.5,15.5,0.6,31.7,9.9,93.8,48.2,27.9
004077,81.1,0.0,0.0,0.0,66.4,0.0,0.0,32.8,4.9,87.7,28.5,6.1
004085,76.0,14.0,30.0,0.0,22.0,26.0,0.0,44.0,10.0,98.0,55.7,38.2
004127,74.5,23.6,31.3,3.8,36.1,29.3,1.0,38.5,7.2,97.6,58.7,47.0
004143,75.0,35.4,36.0,2.4,20.7,30.5,0.0,26.8,1.8,96.3,50.8,43.8
004184,67.5,7.2,10.8,0.0,27.7,10.8,1.2,28.9,3.6,98.8,37.7,15.7
004416,60.1,23.1,26.9,1.3,16.4,28.2,0.0,21.8,10.5,97.1,63.8,36.3
004507,60.6,12.5,24.0,0.0,20.2,25.0,0.0,35.6,3.8,99.0,35.5,25.0
004556,83.8,2.7,8.1,1.4,35.1,20.3,0.0,66.2,2.7,97.3,38.9,27.6
004622,64.2,3.1,14.8,0.0,40.7,13.6,0.0,16.7,1.9,95.1,41.6,20.8
004770,63.3,17.1,14.9,5.4,26.6,18.4,0.3,30.7,5.7,97.2,59.5,39.5
004796,60.5,43.3,43.3,19.1,11.2,7.0,0.0,7.9,8.4,100.0,79.6,58.9
004812,75.2,9.9,16.3,0.0,35.5,20.6,2.1,51.8,0.0,97.9,46.3,17.7
004853,60.0,4.6,10.8,0.0,40.0,13.8,0.0,40.0,9.2,93.8,50.0,32.6
004861,76.1,12.7,14.1,0.0,36.6,28.2,0.0,52.1,8.5,94.4,47.5,41.5
004887,63.8,10.1,18.8,0.0,7.2,26.1,0.0,46.4,13.0,97.1,50.7,34.7
004911,69.8,17.9,24.5,0.0,16.0,51.9,0.0,22.6,11.3,97.2,59.8,24.8
004994,71.4,18.3,17.7,10.9,20.0,35.4,0.6,26.3,4.0,96.6,64.4,39.8
005017,63.5,8.1,23.6,0.0,29.7,31.1,0.0,24.3,13.5,97.3,29.9,30.6
005173,76.9,26.9,19.2,0.0,13.5,46.2,0.0,34.6,3.8,94.2,73.7,40.9
005207,72.5,18.1,23.1,4.9,23.6,2.7,0.5,26.4,40.7,96.2,44.2,23.5
005298,65.9,14.3,16.5,0.0,29.7,25.3,0.0,39.6,2.2,97.8,52.3,40.5
005322,66.7,38.3,35.8,23.5,5.0,19.2,1.3,31.7,5.1,96.5,76.2,49.3
005751,84.2,80.6,49.6,47.5,1.4,8.6,0.7,9.4,0.0,99.3,89.8,73.1
005777,65.0,25.0,30.0,0.0,30.0,35.0,0.0,35.0,5.0,95.0,22.6,34.2
005819,66.7,24.5,27.5,0.0,23.5,40.2,2.0,19.6,2.0,95.1,51.0,32.8
005850,78.8,0.0,0.6,0.0,76.3,0.0,0.0,62.8,6.4,91.7,24.4,4.9
005876,68.4,39.6,33.6,19.2,13.6,23.6,0.0,16.8,7.6,98.8,72.6,50.7
006098,65.4,10.6,4.8,0.0,34.6,14.4,0.0,46.2,18.3,98.1,45.6,26.6
006296,46.4,7.3,21.0,3.9,16.3,13.3,1.7,21.5,6.0,86.3,32.4,18.4
006312,74.7,30.5,26.3,1.1,28.4,30.5,1.1,22.1,7.4,100.0,54.5,37.3
006320,68.9,11.5,8.8,0.0,35.8,16.9,0.0,33.1,9.5,92.6,36.5,23.6
006494,75.7,12.9,13.7,1.9,39.2,9.5,0.0,54.4,14.8,93.2,54.0,29.5
006502,37.8,2.7,8.1,0.0,16.2,5.4,0.0,27.0,16.2,97.3,47.4,45.7
006528,75.9,2.7,18.8,0.0,50.9,16.1,1.8,46.4,19.6,90.2,34.9,25.2
006551,74.6,11.9,20.1,0.0,17.2,30.6,0.0,44.0,9.0,94.0,50.4,33.8
006593,76.3,40.5,38.8,22.6,13.6,36.9,0.0,22.6,0.9,98.7,80.8,64.0
006619,69.7,2.8,4.6,0.0,38.5,16.5,0.0,28.4,4.6,96.3,46.2,27.9
006635,53.6,7.2,8.8,0.0,24.0,12.8,0.0,36.0,12.8,95.2,32.8,27.0
006734,81.2,20.8,14.8,0.0,32.9,36.9,0.0,38.9,14.1,99.3,53.9,34.0
006759,64.6,18.5,24.1,9.2,35.4,16.9,1.0,32.3,2.6,97.9,54.7,36.6
006791,75.2,9.7,18.8,0.0,46.7,30.3,0.0,33.9,12.7,100.0,47.1,38.0
006841,53.2,0.0,12.9,0.0,46.0,5.8,0.0,0.0,0.0,61.2,18.8,6.5
006858,75.9,25.9,18.5,8.3,11.1,16.7,0.0,50.0,31.5,97.2,58.1,55.7
006890,72.3,9.0,12.7,6.5,40.6,8.8,0.0,41.9,1.7,92.3,42.4,27.7
006940,63.0,0.0,0.0,0.0,20.0,0.0,0.0,1.7,0.0,50.0,10.0,7.5
006965,82.7,17.3,26.7,0.0,17.3,44.0,0.0,50.7,20.0,96.0,56.5,37.2
007021,70.6,23.5,31.8,0.0,11.8,45.9,0.0,12.9,1.2,96.5,66.3,52.7
007054,67.3,17.0,18.7,5.3,30.4,26.9,4.7,28.1,19.3,91.2,48.5,28.5
007062,88.4,21.7,34.8,5.8,81.2,15.9,0.0,21.7,1.4,100.0,66.2,36.5
007104,60.8,14.9,21.6,1.4,18.9,29.7,0.0,29.7,0.0,97.3,51.2,42.3
007211,49.5,10.9,5.9,0.0,10.9,7.9,1.0,30.7,16.8,82.2,35.5,19.9
007245,76.5,2.9,11.8,0.0,50.0,20.6,0.0,29.4,14.7,97.1,38.2,9.5
007278,83.3,8.3,13.9,0.0,50.0,22.2,0.0,44.4,0.0,100.0,33.3,22.9
007286,65.4,10.9,11.5,1.3,44.2,2.6,0.0,39.1,22.4,93.6,39.4,24.0
007310,71.6,34.7,27.6,11.1,12.0,20.0,1.3,22.7,17.3,98.2,73.7,56.0
007401,57.1,14.3,20.0,0.0,14.3,20.0,0.0,45.7,20.0,97.1,32.4,27.7
007427,59.4,4.7,7.5,0.0,42.5,8.5,0.9,34.0,8.5,97.2,40.9,24.8
007534,95.1,32.8,32.8,0.0,42.6,60.7,1.6,50.8,0.0,100.0,46.9,38.6
007617,55.8,2.3,4.7,0.0,25.6,4.7,0.0,51.2,16.3,90.7,16.7,24.0
007658,66.2,28.6,40.3,2.6,26.0,24.7,0.0,27.3,1.3,100.0,53.3,35.8
007666,53.6,23.2,5.4,5.4,14.3,1.8,0.0,32.1,3.6,100.0,47.8,29.4
007674,68.6,7.0,16.3,0.0,17.4,7.0,0.0,54.7,14.0,95.3,52.3,33.0
007724,63.5,10.4,18.3,0.0,15.7,20.0,0.9,32.2,0.9,93.0,40.7,33.1
007823,60.3,6.8,13.7,0.0,37.0,4.1,0.0,26.0,0.0,91.8,32.9,18.8
007930,50.8,8.8,10.8,2.4,20.8,0.0,0.0,28.0,1.6,89.6,47.2,33.1
007955,77.3,56.0,24.0,14.7,22.7,0.0,0.0,29.3,0.0,100.0,61.8,64.6
007999,64.6,12.5,2.1,0.0,33.3,22.9,0.0,8.3,0.0,50.0,38.5,17.5
008003,51.4,20.0,17.1,0.0,10.0,30.0,0.0,17.1,2.9,94.3,52.2,48.6
008052,57.9,21.1,34.2,0.0,18.4,31.6,0.0,13.2,7.9,100.0,62.5,29.2
008086,82.0,10.0,20.0,0.0,40.0,28.0,0.0,52.0,0.0,100.0,42.6,27.1
008110,60.4,0.0,2.5,0.0,53.5,6.3,0.0,1.3,0.6,82.4,27.6,10.3
008136,83.9,12.9,21.0,0.0,59.7,6.5,0.0,40.3,0.0,91.9,33.3,29.7
008219,65.0,16.5,13.6,0.0,30.1,18.4,2.9,31.1,10.7,97.1,38.5,26.0
008250,60.7,6.7,13.5,7.9,51.7,1.1,0.0,25.8,4.5,96.6,42.7,32.5
008262,63.0,2.6,2.6,0.0,42.3,0.0,0.0,13.5,10.3,73.1,19.7,3.1
008298,62.0,2.4,6.4,0.0,38.4,2.4,0.0,43.2,14.8,72.0,23.8,7.7
008300,61.6,9.3,20.3,0.0,29.7,20.3,0.0,29.1,4.1,97.1,49.7,22.2
008309,63.0,2.8,4.3,0.0,38.5,14.8,0.0,31.8,2.8,82.3,34.8,11.8
008342,63.0,26.1,32.6,0.0,7.6,16.3,0.0,26.1,5.4,96.7,42.5,27.3
008433,86.2,23.1,26.2,0.0,32.3,20.0,0.0,67.7,3.1,95.4,40.7,27.8
008532,52.5,5.0,14.9,0.0,26.7,14.9,0.0,28.7,20.8,92.1,32.0,17.9
008722,63.4,17.3,19.8,6.6,37.9,19.8,0.0,28.4,9.1,86.4,48.5,39.9
008821,46.4,0.0,0.0,0.0,41.2,5.2,0.0,1.0,0.0,62.9,20.8,6.6
008961,80.0,6.7,16.7,0.0,48.3,15.0,0.0,53.3,6.7,100.0,46.2,21.9
008995,82.8,9.1,10.1,0.0,43.4,23.2,0.0,57.6,28.3,90.9,32.7,8.5
009038,100.0,67.8,0.0,0.0,0.0,100.0,0.0,0.0,0.0,98.3,76.1,65.5
009043,61.8,10.1,10.1,0.0,29.2,24.7,0.0,33.7,7.9,97.8,36.4,25.6
009084,75.7,6.5,13.1,0.0,36.4,7.5,0.0,63.6,6.5,90.7,33.1,23.0
009091,63.3,41.5,26.2,14.4,14.4,21.1,0.0,23.4,2.6,93.7,70.0,50.3
009134,67.2,10.4,25.4,0.0,38.8,17.9,1.5,11.9,1.5,92.5,28.4,19.4
009145,96.7,46.7,70.7,0.0,1.1,96.7,0.0,0.0,1.1,100.0,73.5,54.8
009200,69.0,1.2,6.0,0.0,50.0,15.5,0.0,0.0,10.7,92.9,33.3,17.1
009283,27.9,20.6,20.6,0.0,0.0,0.0,0.0,0.0,0.0,98.5,75.8,50.0
009286,64.2,44.6,36.2,32.7,6.7,10.1,0.0,11.7,0.0,98.4,84.8,59.3
009421,8.5,0.0,0.0,0.0,8.5,0.0,0.0,0.0,0.0,88.7,31.8,3.5
009498,91.1,0.0,0.0,0.0,82.1,0.0,0.0,46.3,5.7,91.1,24.8,10.5
009514,63.0,2.4,0.0,0.0,46.4,2.4,0.0,26.2,0.0,75.0,29.7,5.8
009555,63.0,0.0,0.0,0.0,32.9,2.4,0.0,2.4,0.0,48.2,18.1,1.1
009571,44.4,8.3,16.7,0.0,0.0,22.2,0.0,8.3,2.8,88.9,43.7,29.7
009589,75.7,5.4,1.4,0.0,56.8,1.4,0.0,66.2,0.0,93.2,33.9,11.4
009779,85.4,22.9,35.4,0.0,37.5,46.9,0.0,54.2,19.8,100.0,60.0,37.7
009803,68.8,15.3,21.5,2.1,33.3,19.4,0.0,31.9,14.6,95.8,50.7,33.5
009894,68.9,24.4,26.7,0.0,15.6,22.2,0.0,26.7,0.0,95.6,44.0,30.2
009936,63.0,14.9,17.7,5.0,14.2,11.3,0.0,29.1,13.5,93.6,36.7,28.2
009997,24.4,3.8,0.0,1.3,20.5,0.0,0.0,0.0,0.0,98.7,55.6,
010041,72.3,24.1,34.8,0.0,27.7,27.7,0.9,35.7,7.1,94.6,66.4,45.5
010090,55.9,11.8,11.8,0.0,17.6,2.9,0.0,41.2,2.9,88.2,43.2,30.6
010173,89.1,17.2,15.6,0.0,68.8,32.8,0.0,48.4,7.8,98.4,36.9,23.2
010199,55.1,10.2,10.2,1.6,31.0,12.3,0.0,32.1,1.6,87.7,37.7,31.3
010200,31.9,6.4,0.0,0.0,23.4,2.1,0.0,0.0,0.0,78.7,45.7,14.0
010272,89.2,6.6,11.8,0.0,59.4,10.8,0.0,63.7,7.5,94.8,38.0,19.8
010421,63.0,0.0,0.0,0.0,50.8,1.7,0.0,3.4,0.0,93.2,17.0,
010439,76.0,9.0,23.0,0.0,31.0,21.0,0.0,36.0,13.0,97.0,36.6,24.7
010462,48.8,6.9,9.7,0.9,19.2,19.7,0.0,9.7,1.2,85.5,43.0,23.3
010660,74.9,49.6,42.7,16.1,13.1,21.5,0.0,11.9,0.6,98.8,75.9,60.4
010769,81.7,6.5,15.1,0.0,40.9,33.3,0.0,47.3,10.8,94.6,42.1,27.8
010819,53.3,3.3,9.3,0.0,31.7,8.7,0.0,20.3,8.7,83.3,27.8,11.0
010884,60.9,28.3,23.9,6.5,19.6,0.0,0.0,27.2,2.2,100.0,48.2,41.2
010926,71.2,30.1,31.5,12.3,9.6,46.6,0.0,27.4,1.4,100.0,65.9,44.3
011049,55.7,12.2,19.2,8.5,23.4,10.1,0.0,20.8,0.8,94.6,49.2,30.5
011056,98.5,13.4,31.3,0.0,89.6,38.8,0.0,49.3,17.9,100.0,45.9,31.9
011072,80.4,12.4,25.5,0.0,15.7,30.7,2.6,51.6,5.2,96.1,45.0,24.0
011114,83.5,13.2,24.0,8.3,32.2,24.0,0.0,42.1,5.0,98.3,44.3,28.6
011163,94.4,25.0,30.6,0.0,58.3,47.2,0.0,63.9,0.0,97.2,52.9,17.5
011171,86.6,11.8,11.8,0.0,44.5,20.2,0.0,66.4,0.0,98.3,41.4,24.2
011239,62.5,2.1,16.7,0.0,31.3,4.2,0.0,45.8,6.3,93.8,30.5,30.0
011288,69.7,25.8,9.1,0.0,22.7,7.6,0.0,42.4,3.0,98.5,47.9,32.9
011304,69.5,27.7,25.5,12.8,21.3,8.5,0.0,37.6,29.8,92.9,65.9,40.3
011460,72.6,12.9,19.4,0.0,29.0,24.2,0.0,59.7,14.5,93.5,31.7,23.3
011478,71.7,3.3,15.0,0.0,23.3,21.7,0.0,55.0,18.3,88.3,35.4,18.2
011502,70.5,9.8,11.5,0.0,27.9,26.2,0.0,60.7,1.6,96.7,37.1,12.7
011506,92.6,56.8,70.4,0.0,28.4,71.6,0.0,53.1,0.0,98.8,85.3,57.1
011533,45.2,16.1,25.8,0.0,12.9,9.7,0.0,0.0,0.0,100.0,45.5,19.0
011534,63.0,2.8,2.8,0.0,50.0,0.0,0.0,5.6,2.8,83.3,47.6,1.7
011551,55.8,17.4,18.8,0.0,9.4,20.3,0.0,25.4,2.2,96.4,47.7,29.6
011609,81.6,1.2,4.3,0.0,57.1,56.4,0.0,45.4,12.9,89.6,37.8,14.9
011627,61.2,27.1,24.9,4.7,16.5,6.7,0.0,39.9,13.4,93.0,62.5,41.8
011668,59.8,8.2,12.4,1.0,41.2,7.2,0.0,19.6,2.1,91.8,49.1,34.7
011684,77.3,33.3,16.7,0.0,22.7,47.3,0.0,25.3,8.0,98.7,54.4,36.1
011692,85.0,17.5,9.3,10.4,46.8,11.4,0.0,42.9,7.1,96.8,58.7,35.8
011791,75.8,16.0,15.7,4.5,59.8,15.2,0.0,18.5,14.6,98.3,57.4,27.2
011923,5.3,0.0,0.0,0.0,0.0,5.3,0.0,0.0,0.0,86.8,15.6,8.3
011995,71.9,3.1,2.1,2.1,65.6,3.1,0.0,8.3,0.0,82.3,34.5,19.0
012039,49.6,4.6,7.6,0.0,36.6,12.2,0.0,21.4,10.7,92.4,15.7,4.6
012045,32.1,3.6,3.6,0.0,7.1,21.4,0.0,0.0,0.0,89.3,58.6,41.2
012310,57.6,12.9,19.4,0.5,30.9,14.3,0.0,30.9,18.9,94.5,37.6,23.6
012328,56.8,10.1,4.9,1.0,40.6,8.4,0.0,24.4,3.6,86.4,30.2,15.7
012335,54.9,0.0,0.0,0.0,52.1,1.4,0.0,4.2,0.0,67.6,16.7,2.1
012352,63.0,4.5,0.0,0.0,28.8,0.0,0.0,0.0,0.0,80.3,47.6,11.3
012355,63.0,4.2,0.0,0.0,29.2,0.0,0.0,0.0,0.0,75.0,27.8,10.2
012377,95.9,32.7,36.7,0.0,24.5,67.3,0.0,65.3,34.7,100.0,40.4,41.2
012391,77.3,21.9,50.8,0.0,6.3,68.8,0.0,18.8,0.0,98.4,88.2,61.0
012450,72.9,16.8,10.3,0.0,26.2,32.7,0.9,38.3,6.5,98.1,43.3,33.0
012500,70.9,6.1,8.5,0.0,51.8,17.4,0.4,30.8,17.0,93.9,34.7,22.3
012567,85.1,10.6,42.6,0.0,44.7,44.7,0.0,48.9,0.0,95.7,32.7,17.9
012591,92.8,13.4,29.9,0.0,50.5,45.4,0.0,62.9,12.4,96.9,41.7,26.1
012625,89.2,27.0,18.9,0.0,24.3,37.8,0.0,43.2,0.0,100.0,42.9,37.5
012641,100.0,38.5,53.8,1.5,33.8,75.4,0.0,35.4,0.0,100.0,72.1,59.7
012674,93.5,24.7,10.4,0.0,19.5,36.4,2.6,59.7,45.5,97.4,40.5,57.4
012773,62.5,7.5,16.7,0.0,21.7,18.3,0.0,42.5,12.5,89.2,39.7,23.8
012799,80.2,25.2,28.2,3.8,35.1,26.7,0.0,37.4,26.7,90.1,43.5,31.8
012849,54.4,8.8,16.2,1.5,27.9,20.6,0.0,23.5,11.8,98.5,30.3,33.7
013110,58.0,16.0,28.0,2.0,12.0,29.0,0.0,15.0,0.0,97.0,51.9,35.2
013128,82.1,1.0,0.0,0.0,70.5,2.4,0.0,30.9,10.1,85.5,18.1,4.2
013136,63.0,0.7,4.5,0.0,50.3,3.8,0.0,20.3,1.0,88.8,31.2,11.6
013219,49.4,26.7,22.1,9.3,4.1,8.7,0.0,14.5,6.4,91.9,39.4,26.8
013231,88.1,25.4,22.4,6.0,14.9,20.9,0.0,68.7,0.0,100.0,74.2,47.2
013243,75.5,22.5,15.7,0.0,28.4,19.6,0.0,33.3,21.6,99.0,50.5,34.3
013326,92.5,11.8,20.4,0.0,55.9,32.3,0.0,60.2,11.8,100.0,31.4,24.6
013433,84.7,15.3,35.6,0.0,50.8,35.6,0.0,54.2,11.9,100.0,52.3,38.2
013482,92.1,15.8,28.1,0.0,85.1,21.9,0.9,14.9,2.6,92.1,36.6,29.0
013532,55.0,12.9,9.3,3.3,37.0,10.7,0.0,18.2,5.3,94.0,43.2,26.8
013656,77.4,26.4,14.5,6.9,32.1,27.7,0.0,41.5,2.5,99.4,56.5,45.3
013680,16.2,0.0,0.0,0.0,1.4,0.0,0.0,16.2,0.0,62.2,11.6,5.6
013730,43.5,4.3,13.0,0.0,17.4,0.0,0.0,30.4,8.7,100.0,48.3,7.9
013755,54.1,4.1,8.1,0.0,27.0,12.2,0.0,32.4,1.4,89.2,45.7,30.2
013864,0.0,0.0,0.0,0.0,0.0,0.0,0.0,0.0,0.0,63.6,6.3,
013870,75.8,12.1,24.2,0.0,6.1,21.2,0.0,66.7,0.0,100.0,34.5,19.4
013920,83.4,14.8,19.3,6.3,52.9,17.5,1.3,28.3,25.1,99.6,41.3,20.5
013930,98.9,26.9,58.1,0.0,5.4,76.3,0.0,95.7,41.9,100.0,72.5,44.1
013994,63.0,4.7,0.0,0.0,20.9,0.0,0.0,0.0,0.0,69.8,33.3,27.0
014027,65.4,6.9,20.0,0.0,18.5,26.9,0.0,28.5,23.8,100.0,51.6,29.3
014092,73.8,7.5,16.3,0.0,12.5,26.3,0.0,50.0,21.3,93.8,43.7,22.8
014100,67.4,32.6,50.0,31.4,1.2,17.4,1.2,8.1,0.0,98.8,82.9,57.6
014231,91.5,53.7,31.7,0.0,25.6,15.9,0.0,76.8,0.0,98.8,91.2,53.3
014258,77.4,58.8,52.8,25.6,5.5,27.1,0.0,23.1,2.0,98.5,83.0,68.9
014365,67.2,35.4,30.2,16.6,18.8,20.5,0.0,21.1,16.2,96.8,68.2,48.4
014373,71.4,4.8,21.4,0.0,26.2,2.4,0.0,50.0,9.5,100.0,39.1,6.7
014498,74.8,13.6,28.2,0.0,25.2,24.3,0.0,47.6,1.0,96.1,56.2,30.7
014571,61.5,11.9,22.9,0.0,23.9,17.4,0.0,36.7,1.8,93.6,56.4,31.7
014621,82.6,6.7,15.9,0.0,23.1,27.7,0.0,64.6,3.6,94.4,44.1,26.1
014691,94.4,35.2,61.7,0.0,8.6,59.9,0.0,87.0,4.3,100.0,72.5,56.1
014704,74.9,7.2,8.7,1.0,49.3,5.0,0.0,38.7,1.2,90.9,34.6,19.2
014904,12.5,0.0,0.0,0.0,12.5,0.0,0.0,0.0,0.0,81.3,27.8,9.1
014918,22.9,2.9,0.0,0.0,20.0,0.0,0.0,0.0,0.0,82.9,30.2,10.9
014919,63.0,0.0,0.0,0.0,31.8,0.0,0.0,0.0,0.0,66.4,19.8,1.0
014920,100.0,18.1,0.0,0.0,0.0,100.0,0.0,0.0,0.0,100.0,60.8,32.7
014944,45.1,16.0,6.3,0.0,17.7,13.7,0.6,18.9,4.0,87.4,41.2,17.6
015099,82.7,11.5,17.3,0.0,38.5,15.4,0.0,61.5,21.2,86.5,25.0,19.6
015156,90.7,5.6,13.0,0.0,68.5,29.6,0.0,77.8,1.9,98.1,40.8,24.7
015172,74.1,11.1,3.7,0.0,25.9,40.7,0.0,66.7,3.7,96.3,33.3,29.6
015214,58.4,9.5,5.4,2.7,37.6,13.6,0.5,29.0,1.4,85.5,31.7,24.3
015222,68.2,8.1,3.9,0.7,51.2,8.1,1.1,13.8,12.0,89.4,23.0,12.2
015329,82.6,34.8,19.6,0.0,30.4,56.5,0.0,41.3,2.2,97.8,66.0,
015344,63.2,15.8,31.6,0.0,5.3,52.6,0.0,5.3,0.0,94.7,75.0,
015560,63.0,3.1,3.1,0.0,47.7,5.7,0.0,18.7,2.1,93.3,27.8,9.2
015598,63.0,1.2,0.0,0.0,50.6,0.0,0.0,0.0,0.0,74.1,30.3,5.3
015599,55.9,0.8,0.0,0.0,54.3,0.0,0.0,0.8,0.0,86.6,34.3,10.5
015600,27.7,1.0,0.0,1.0,26.7,0.0,0.0,0.0,0.0,81.2,34.4,15.0
015710,63.0,0.0,0.0,0.0,30.0,0.0,0.0,0.0,0.0,20.0,10.0,
015792,46.2,10.8,21.5,3.8,14.6,16.5,0.0,19.0,1.9,94.9,53.1,25.0
015842,64.2,17.6,13.8,11.4,32.8,16.7,0.0,18.2,2.1,91.2,49.0,21.1
016048,65.0,16.7,18.3,0.0,28.3,6.7,0.0,33.3,10.0,93.3,45.9,28.2
016154,76.1,51.5,45.1,29.2,15.5,17.8,0.0,13.6,0.0,97.3,82.7,69.5
016162,64.7,12.8,12.8,0.8,27.8,27.1,3.0,20.3,3.0,98.5,47.3,34.4
016220,50.0,14.1,7.7,0.0,2.6,24.4,0.0,24.4,0.0,92.3,43.0,28.2
016303,70.1,47.0,29.0,20.0,14.5,26.2,0.0,24.3,0.6,93.9,73.4,49.8
016345,69.0,9.8,14.4,0.0,33.3,25.9,0.0,31.0,9.2,97.7,40.9,19.9
016352,59.6,17.5,15.8,0.0,12.3,3.5,0.0,40.4,1.8,98.2,38.8,26.3
016427,63.0,0.0,0.0,0.0,52.0,0.0,0.0,0.0,0.0,72.0,0.0,
016429,63.0,2.2,0.0,0.0,28.9,0.0,0.0,4.4,0.0,62.2,54.3,
016436,77.8,16.7,33.3,0.0,22.2,38.9,0.0,38.9,8.3,100.0,46.8,22.6
016568,70.3,29.7,18.9,0.0,18.9,29.7,0.0,45.9,8.1,97.3,46.9,44.7
016672,33.1,0.7,0.0,0.0,28.1,0.0,1.4,3.6,0.0,46.0,6.5,2.3
016701,22.7,18.2,0.0,4.5,0.0,4.5,0.0,0.0,0.0,95.5,76.9,
016758,70.6,35.9,42.9,19.5,13.3,17.5,0.0,35.6,0.8,98.0,70.6,53.7
016816,90.4,23.1,32.7,0.0,48.1,40.4,0.0,51.9,40.4,100.0,64.3,37.3
016882,63.0,0.0,0.0,0.0,24.1,0.0,0.0,0.0,0.0,78.3,27.3,
016883,81.0,3.2,0.0,0.0,80.2,4.0,0.0,0.0,0.0,92.9,33.6,
016885,15.7,0.0,0.0,0.0,15.7,0.0,0.0,0.0,0.0,55.4,26.9,
016886,63.0,3.5,3.5,5.3,31.6,3.5,0.0,0.0,0.0,80.7,59.1,
016887,63.0,5.1,0.0,0.0,17.9,0.0,0.0,0.0,15.4,82.1,24.3,
016941,71.4,50.1,53.2,33.6,4.9,14.3,0.0,10.5,0.2,99.1,82.2,
017004,66.5,19.6,21.1,3.1,27.3,28.9,0.0,18.6,3.6,95.4,63.7,41.2
017046,46.5,21.3,23.2,0.6,9.0,15.5,1.9,12.3,5.2,98.1,56.1,36.3
017095,76.4,59.0,58.7,46.4,4.0,1.1,0.0,11.1,0.0,98.3,85.2,74.3
017160,73.0,4.0,13.0,0.0,47.0,9.0,1.0,33.0,14.0,93.0,26.3,20.0
017194,84.2,24.2,43.2,9.5,14.7,65.3,1.1,18.9,6.3,97.9,65.1,49.2
017233,17.5,1.5,0.0,0.0,13.3,1.5,0.0,3.4,1.5,62.0,23.1,
017274,0.0,0.0,0.0,0.0,0.0,0.0,0.0,0.0,0.0,69.2,18.2,
017285,77.4,36.9,45.2,17.9,21.4,32.1,0.0,31.0,0.0,95.2,83.8,53.7
017301,81.2,69.6,61.9,59.7,3.3,0.6,0.0,29.3,1.1,97.2,84.9,73.5
017325,6.5,0.0,1.1,0.0,2.2,1.1,0.0,2.2,2.2,47.8,8.8,
017343,60.6,15.9,3.0,0.0,14.4,9.1,0.0,41.7,2.3,97.7,41.6,21.1
017377,77.8,0.0,0.0,0.0,75.0,0.0,1.9,0.9,6.5,88.9,11.2,
017426,87.1,20.1,36.7,0.7,42.4,28.8,1.4,41.7,26.6,98.6,40.1,22.5
017491,59.3,16.8,18.6,0.0,15.0,24.8,0.0,25.7,2.7,99.1,51.9,23.0
017498,47.1,41.2,29.4,0.0,0.0,0.0,0.0,0.0,0.0,100.0,NC,
017582,85.3,26.5,41.2,0.0,44.1,55.9,0.0,55.9,29.4,94.1,54.3,28.6
017640,71.4,0.0,57.1,0.0,21.4,57.1,0.0,0.0,0.0,100.0,NC,
017665,46.2,15.4,13.5,0.0,7.7,0.0,0.0,30.8,7.7,98.1,37.7,
017756,73.9,17.4,21.2,0.5,27.2,0.0,0.0,54.9,14.1,91.3,51.2,31.3
017772,72.4,33.6,36.9,13.7,9.7,47.5,0.2,17.7,3.8,96.2,77.2,57.7
017798,86.0,19.3,42.1,0.0,57.9,22.8,0.0,33.3,31.6,96.5,50.0,30.5
017905,62.9,15.0,14.3,0.7,10.0,17.1,0.0,34.3,7.9,96.4,46.6,28.3
018150,31.6,5.3,0.0,0.0,26.3,21.1,0.0,31.6,21.1,73.7,22.2,13.8
018184,69.7,25.8,22.7,0.0,27.3,21.2,0.0,21.2,1.5,97.0,37.7,31.9
018218,80.0,5.8,16.7,0.0,50.8,23.3,0.0,41.7,7.5,94.2,45.8,31.7
018408,30.0,21.4,8.6,10.0,1.4,18.6,0.0,0.0,0.0,100.0,67.5,46.5
018481,50.4,17.1,13.2,0.0,14.0,26.4,0.0,24.0,0.8,96.1,55.8,37.6
018507,70.1,22.8,16.3,2.7,26.6,29.9,0.0,28.8,13.0,94.6,62.3,37.7
018523,90.3,3.2,0.0,0.0,71.0,32.3,0.0,74.2,45.2,100.0,35.3,
018606,82.9,34.1,34.1,2.4,4.9,24.4,0.0,41.5,2.4,100.0,75.8,67.6
018770,68.9,56.3,41.7,0.0,4.9,5.3,0.0,5.8,0.5,97.1,83.4,64.0
018846,49.2,9.0,15.6,0.0,15.6,17.2,0.0,40.2,14.8,97.5,37.3,20.3
018929,61.1,24.9,13.0,7.5,15.4,37.9,0.0,38.7,2.0,94.1,61.8,31.9
018960,64.0,16.9,22.1,0.0,12.5,44.9,0.0,15.4,2.9,97.8,60.9,42.5
019192,26.7,0.0,0.0,0.0,26.7,0.0,0.0,0.0,0.0,20.0,NC,
019194,23.2,0.0,0.0,0.0,22.3,0.9,0.0,0.0,0.0,83.0,NC,
019216,76.9,39.8,34.3,30.6,17.6,23.1,0.0,20.4,6.5,99.1,81.3,66.0
019226,25.9,3.7,3.7,0.0,22.2,0.0,0.0,0.0,0.0,77.8,29.5,
019266,19.7,0.0,0.0,0.0,16.7,0.0,0.0,3.0,0.0,21.2,10.6,
019364,75.8,4.8,25.0,0.0,50.0,10.5,0.0,33.9,21.0,91.9,42.0,26.0
019406,39.7,15.5,0.0,1.7,8.6,13.8,0.0,19.0,0.0,96.6,47.1,31.3
019539,72.2,6.6,21.2,0.0,34.4,23.8,0.0,43.7,16.6,96.0,55.0,28.0
019617,26.6,10.6,0.0,0.0,14.9,0.0,0.0,1.1,0.0,66.0,NC,
019622,63.0,7.9,0.0,0.0,23.7,0.0,0.0,7.9,0.0,73.7,17.2,
019628,73.8,2.4,0.0,0.0,69.0,0.0,0.0,4.8,0.0,95.2,23.1,
019643,33.3,13.3,0.0,3.3,0.0,6.7,0.0,16.7,0.0,93.3,65.0,
019655,26.3,5.3,0.0,0.0,23.7,2.6,0.0,0.0,0.0,60.5,31.7,
019661,80.3,29.9,23.9,0.0,22.2,49.6,1.7,26.5,0.9,93.2,67.8,54.1
019664,15.4,2.6,0.0,0.0,12.8,1.3,0.0,0.0,0.0,34.6,17.1,
019677,31.3,0.0,0.0,0.0,25.0,6.3,0.0,0.0,0.0,81.3,NC,
019682,39.5,0.0,0.0,0.0,39.5,0.0,0.0,2.6,2.6,86.8,23.1,
019687,73.3,36.8,18.6,23.9,18.9,1.8,0.0,39.6,1.8,97.9,59.0,38.2
019694,63.0,9.1,9.1,0.0,18.2,0.0,0.0,0.0,0.0,81.8,8.7,
019695,74.1,8.6,21.6,4.3,46.8,17.3,0.0,24.5,2.2,96.4,37.6,27.5
019724,7.1,0.0,0.0,0.0,7.1,0.0,0.0,0.0,0.0,0.0,NC,
019727,36.4,0.0,0.0,0.0,18.2,0.0,0.0,18.2,0.0,81.8,36.4,
019732,22.7,0.0,0.0,0.0,11.4,0.0,0.0,9.1,4.5,56.8,NC,
019734,5.5,2.4,0.0,0.0,3.1,0.8,0.0,0.0,0.0,70.9,18.1,
019737,63.4,31.6,20.5,8.4,21.6,20.2,0.0,20.5,0.3,96.4,67.9,50.0
019745,91.3,20.3,15.9,0.0,68.1,36.2,0.0,50.7,20.3,98.6,40.0,28.6
019752,77.8,11.5,13.9,0.6,40.2,16.4,0.0,45.9,22.2,90.9,41.5,20.9
019761,63.0,6.7,0.0,0.0,26.7,0.0,0.0,0.0,0.0,73.3,20.7,
019785,63.0,0.0,0.0,0.0,44.2,0.0,0.0,4.7,2.3,86.0,17.2,
019796,5.6,0.0,0.0,0.0,5.6,0.0,0.0,2.8,0.0,13.9,NC,
019803,56.4,3.6,0.0,0.0,50.9,1.8,0.0,1.8,0.0,76.4,0.0,
019829,17.9,0.0,0.0,0.0,14.3,0.0,0.0,3.6,0.0,67.9,NC,
019839,28.6,7.1,0.0,0.0,17.9,0.0,0.0,10.7,0.0,50.0,21.4,
020008,51.1,12.0,19.6,0.0,25.0,10.9,1.1,21.7,13.0,94.6,45.3,28.3
020032,62.7,23.0,20.7,10.7,27.6,25.2,0.2,23.0,1.2,96.4,63.7,40.1
020059,40.2,3.7,0.9,0.0,36.4,1.9,0.0,0.0,0.0,86.9,NC,
020063,27.8,5.6,0.0,0.0,11.1,5.6,0.0,5.6,0.0,83.3,NC,
020066,57.9,8.3,11.6,1.9,29.5,20.9,0.0,13.6,0.7,96.0,NC,
020107,61.4,6.8,9.1,0.0,43.2,2.3,0.0,38.6,4.5,88.6,31.4,22.6
020112,25.6,0.0,0.0,0.0,23.3,0.0,0.0,9.3,0.0,79.1,NC,
020149,86.7,8.9,42.2,0.0,13.3,48.9,0.0,33.3,31.1,100.0,42.0,34.4
020245,53.1,1.2,0.0,0.0,48.1,1.2,0.0,6.2,0.0,72.8,NC,
020255,69.2,29.3,27.8,0.5,7.1,48.0,0.0,19.2,7.6,98.0,65.4,43.0
020297,87.6,19.1,38.2,0.0,27.0,39.3,0.0,55.1,11.2,100.0,56.8,35.9
020388,45.2,5.8,11.5,0.0,25.0,10.6,0.0,9.6,3.8,93.3,44.4,25.6
020420,77.7,16.0,20.2,0.0,27.7,17.0,0.0,47.9,4.3,97.9,41.9,30.6
020446,86.4,44.8,64.0,0.0,7.2,72.8,0.0,23.2,4.0,100.0,66.7,54.3
020461,54.3,15.6,17.5,3.6,27.9,16.2,0.3,12.8,0.6,96.4,58.7,33.3
020487,66.0,7.4,34.0,0.0,23.5,0.0,0.0,36.4,8.0,95.7,49.2,30.6
020866,93.1,27.6,0.0,0.0,32.8,10.3,0.0,89.7,17.2,98.3,NC,
020883,46.1,27.5,24.3,12.2,4.8,0.5,0.0,19.2,0.6,93.6,68.5,40.7
020990,70.8,9.7,12.5,0.0,25.0,11.1,0.0,41.7,2.8,98.6,43.7,36.2
021030,50.0,0.0,0.0,0.0,48.1,1.9,0.0,7.5,0.0,69.8,25.7,5.4
021113,61.6,27.3,29.0,11.4,18.4,15.0,0.6,23.4,3.6,99.2,66.9,38.2
021188,82.6,0.0,2.2,0.0,78.3,0.0,0.0,8.7,2.2,80.4,17.8,9.4
021212,51.1,8.6,6.5,3.6,25.2,0.0,0.7,33.8,10.8,93.5,39.7,22.2
021220,82.7,14.2,22.0,0.0,12.6,31.5,0.0,48.8,37.0,99.2,50.0,30.8
021246,72.9,19.6,25.9,7.8,23.9,34.1,0.8,36.9,4.7,92.5,43.7,19.1
021287,65.1,13.6,26.0,0.0,26.0,22.5,0.0,17.8,1.8,97.6,40.7,35.6
021477,41.9,19.4,16.1,0.0,16.1,9.7,0.0,22.6,0.0,93.5,53.3,29.8
021519,68.5,19.1,25.8,0.0,14.6,21.3,0.0,38.2,5.6,97.8,45.0,23.5
021576,68.8,24.0,17.2,7.7,21.7,17.6,0.0,33.5,0.0,98.2,62.0,39.1
021600,68.5,43.3,39.6,22.8,13.2,14.9,0.0,12.4,2.2,98.9,73.2,56.0
021683,74.2,9.7,41.9,0.0,32.3,6.5,0.0,25.8,22.6,100.0,65.8,37.3
021717,86.4,4.5,22.7,0.0,25.0,36.4,0.0,75.0,36.4,95.5,30.9,25.0
021816,80.5,9.2,18.4,0.0,40.2,21.8,0.0,48.3,12.6,95.4,43.5,30.4
021956,79.2,64.2,56.6,50.9,7.5,18.9,0.0,5.7,0.9,98.1,76.3,74.6
022087,48.1,17.0,16.0,0.0,10.4,17.0,4.7,20.8,0.0,96.2,53.4,31.5
022111,42.1,8.8,13.9,1.9,19.4,3.7,0.0,20.8,2.3,94.0,47.3,34.6
022160,72.5,6.3,13.8,0.0,15.0,21.3,0.0,55.0,7.5,91.3,38.2,19.0
022178,85.8,16.6,21.8,0.0,51.2,0.5,0.0,59.2,27.0,95.7,35.8,21.3
022186,49.1,0.5,4.7,0.0,38.8,0.0,0.0,13.1,9.3,86.9,28.7,9.4
022368,83.3,5.0,23.3,0.0,40.0,30.0,0.0,53.3,1.7,100.0,36.4,21.9
022418,74.5,19.8,29.2,5.7,34.9,12.3,0.0,34.9,25.5,99.1,65.7,36.8
022483,72.2,9.3,6.2,2.5,49.4,5.6,0.0,39.5,3.1,93.8,30.7,5.5
022566,75.9,0.0,9.5,0.0,66.8,5.4,0.0,34.0,12.9,92.9,29.0,10.3
022640,66.7,15.9,33.3,0.0,14.5,13.0,0.0,34.8,0.0,97.1,51.3,22.1
022681,55.7,9.8,9.8,0.0,26.2,11.5,0.0,34.4,0.0,95.1,64.8,33.3
022764,85.4,7.3,28.0,0.0,40.2,15.9,0.0,52.4,13.4,97.6,50.6,30.8
022772,70.9,50.0,57.3,6.4,4.5,0.9,0.0,30.0,1.8,96.4,83.9,63.8
022798,81.1,19.4,30.0,0.0,38.2,44.2,0.0,34.1,4.6,94.5,47.0,37.6
022855,66.0,0.0,1.9,0.0,50.5,0.0,0.0,23.3,0.0,75.7,18.6,6.3
022863,94.1,27.5,33.3,0.0,7.8,60.8,0.0,39.2,25.5,100.0,67.1,62.1
022871,65.0,34.3,28.2,4.7,7.2,35.4,0.0,16.6,0.4,97.1,65.0,53.0
022947,80.5,18.3,29.6,0.0,26.6,36.1,0.0,42.0,4.1,93.5,50.6,29.1
023036,29.8,5.3,9.6,0.0,9.6,0.0,0.0,16.0,8.5,88.3,41.3,15.1
023119,51.3,18.4,22.6,5.7,16.1,13.8,0.0,20.7,2.3,97.3,48.9,32.7
023218,56.1,17.1,14.6,0.0,14.6,14.6,0.0,26.8,9.8,100.0,49.1,36.5
023242,69.4,15.6,27.2,3.3,37.8,27.8,0.0,35.6,22.2,96.7,50.3,34.2
023259,41.1,1.1,0.0,0.0,29.5,0.0,0.0,15.8,0.0,63.2,13.8,4.1
023325,76.5,35.8,18.8,20.1,8.5,7.2,1.7,30.7,17.1,98.3,68.2,47.1
023358,81.0,13.5,18.3,0.0,32.5,33.3,0.0,42.9,2.4,97.6,43.3,30.9
023424,93.0,8.2,27.8,0.6,88.6,8.9,0.0,25.9,14.6,98.7,32.6,21.7
023515,72.0,18.0,34.0,0.0,26.0,26.0,0.0,34.0,2.0,98.0,63.6,45.9
023606,71.2,34.0,35.9,22.9,19.0,7.2,0.0,17.6,1.3,100.0,78.5,47.7
023838,47.3,6.5,15.4,0.0,16.6,16.0,0.0,22.5,13.6,89.3,39.3,18.3
023846,61.2,9.7,7.0,0.2,16.0,22.8,0.0,27.5,6.8,83.3,28.9,12.7
023879,97.1,2.9,11.8,0.0,97.1,20.6,0.0,26.5,32.4,100.0,39.1,20.8
023960,75.5,9.2,19.4,0.0,31.6,26.5,0.0,57.1,9.2,95.9,32.8,21.8
023986,64.7,0.0,0.0,0.0,36.1,5.0,0.0,51.3,2.5,67.2,21.0,2.4
024026,82.4,16.2,32.4,0.0,13.2,27.9,0.0,48.5,30.9,98.5,66.7,27.6
024075,64.4,43.7,37.7,16.0,16.2,11.8,0.4,17.6,0.7,98.2,70.7,54.3
024117,73.8,5.7,2.5,0.0,23.8,25.4,0.0,44.3,3.3,82.0,26.6,19.7
024190,49.0,0.0,6.1,0.0,44.9,0.0,0.0,12.2,12.2,79.6,41.9,19.4
024208,74.1,25.9,23.1,0.0,16.8,37.8,0.0,36.4,23.8,96.5,49.7,31.8
024281,68.3,29.4,18.1,15.0,25.8,16.1,1.2,24.7,11.7,96.2,63.8,47.7
024372,64.5,28.0,37.4,0.0,20.6,42.1,0.0,29.0,7.5,99.1,66.7,37.4
024414,63.3,17.1,21.9,0.5,20.5,22.4,0.0,38.6,20.5,95.7,41.2,20.3
024422,51.4,18.3,19.5,9.1,11.9,21.2,1.2,28.6,8.4,91.9,53.7,40.7
024562,37.8,5.9,5.9,0.0,23.9,0.3,0.0,17.5,1.8,83.8,29.9,12.9
024570,64.5,21.2,14.8,11.3,27.2,1.5,0.0,34.0,21.6,95.7,51.5,35.6
024596,56.8,18.4,28.4,11.6,8.4,20.5,0.0,17.9,1.6,98.9,68.0,37.5
024661,57.0,0.0,0.0,0.0,49.7,0.0,0.0,8.9,0.6,74.3,35.3,7.4
024745,70.4,21.8,35.3,21.8,19.0,12.5,0.0,30.8,4.6,97.6,68.0,43.1
024810,95.2,38.1,47.6,0.0,28.6,61.9,0.0,78.6,16.7,97.6,60.0,65.0
024851,95.3,11.6,2.3,0.0,41.9,9.3,0.0,67.4,4.7,97.7,38.6,28.8
024984,81.5,22.2,19.8,1.2,32.1,39.5,4.9,44.4,30.9,95.1,50.4,27.9
025023,93.2,6.8,21.9,0.0,89.0,5.5,0.0,13.7,28.8,97.3,50.7,19.8
025056,72.0,12.7,10.7,0.0,39.3,16.7,0.0,58.7,1.3,94.0,40.4,24.9
025080,64.7,13.8,25.0,0.0,30.2,11.2,0.0,31.0,9.5,97.4,46.8,33.7
025114,88.4,53.6,52.2,15.9,5.8,39.1,0.0,42.0,7.2,100.0,83.1,61.5
025122,73.0,8.1,13.5,0.0,35.1,35.1,0.0,64.9,13.5,100.0,42.6,23.4
025148,57.4,22.2,24.1,0.0,5.6,24.1,0.0,20.4,3.7,96.3,58.7,34.4
025155,78.8,11.5,19.2,0.0,53.8,40.4,0.0,48.1,46.2,96.2,64.7,32.4
025361,83.3,7.1,26.2,0.0,45.2,31.0,7.1,40.5,9.5,97.6,38.0,38.6
025437,45.9,11.5,11.5,0.0,19.7,13.1,0.0,16.4,6.6,88.5,29.7,15.9
025544,63.8,10.0,13.8,0.0,30.8,15.4,0.0,49.2,0.8,89.2,29.4,12.8
025783,88.5,8.2,19.7,0.0,70.5,19.7,0.0,50.8,21.3,98.4,55.6,21.2
025817,71.7,2.2,0.0,0.0,62.4,2.7,0.0,23.5,2.2,92.0,24.5,14.3
025866,72.9,6.5,2.8,0.0,34.1,20.6,2.8,39.3,11.2,92.5,32.9,20.9
025874,17.1,0.7,0.0,0.0,15.1,1.4,0.0,0.0,0.0,63.0,13.2,0.6
025932,61.0,16.9,18.4,4.8,30.9,21.7,0.0,32.7,4.4,94.1,44.9,34.2
026070,50.0,13.2,13.2,0.0,18.4,31.6,0.0,5.3,2.6,97.4,54.9,41.7
026112,64.9,8.8,31.6,0.0,21.1,17.5,0.0,10.5,1.8,93.0,45.2,21.6
026120,73.6,5.6,4.2,0.0,47.2,18.1,0.0,30.6,5.6,90.3,31.6,7.2
026229,67.0,40.7,40.7,0.0,20.9,11.0,0.0,14.3,12.1,98.9,76.6,51.3
026302,68.3,18.7,24.6,6.7,29.1,19.8,1.1,28.0,25.7,95.9,64.3,41.4
026336,55.5,28.8,19.5,7.4,11.0,19.5,0.0,14.6,1.4,93.7,66.9,39.6
026393,89.8,28.8,28.0,2.5,44.1,38.1,0.0,73.7,8.5,99.2,38.4,23.1
026419,52.0,14.2,9.5,0.0,16.9,15.5,0.0,25.7,7.4,94.6,47.6,27.9
026468,77.4,16.1,19.4,0.0,48.4,21.0,0.0,35.5,17.7,95.2,39.8,22.2
026567,74.7,4.8,12.0,0.0,33.7,27.7,0.0,32.5,9.6,96.4,44.0,23.9
026641,67.7,25.8,33.9,0.0,4.8,43.5,0.0,29.0,17.7,95.2,75.0,54.8
026765,80.0,25.0,15.0,0.0,25.0,5.0,0.0,65.0,30.0,95.0,50.0,54.5
026823,55.8,4.7,18.6,0.0,14.0,9.3,0.0,37.2,0.0,93.0,37.1,15.2
026849,62.2,20.0,13.3,0.0,31.1,28.9,0.0,35.6,20.0,97.8,47.4,31.5
026872,35.5,0.0,0.0,0.0,19.4,9.7,0.0,29.0,0.0,96.8,23.7,4.7
026906,68.2,19.5,30.3,17.9,30.8,17.9,0.0,28.7,8.7,87.2,40.7,36.6
026922,58.3,17.1,12.0,5.1,26.9,24.0,0.0,28.6,5.7,96.0,41.0,23.2
026955,97.1,37.1,37.1,0.0,48.6,65.7,0.0,42.9,37.1,100.0,80.5,40.7
027011,37.1,9.9,17.3,3.3,15.5,5.3,0.0,18.5,2.8,88.3,36.7,22.5
027060,65.6,1.6,7.8,0.0,53.1,9.4,0.0,26.6,17.2,93.8,26.0,14.6
027151,50.0,6.4,14.1,0.0,25.6,12.8,0.0,15.4,0.0,88.5,37.5,31.6
027169,92.0,32.0,4.0,0.0,74.0,50.0,0.0,66.0,0.0,100.0,55.9,25.0
027334,55.0,27.0,30.3,15.7,15.0,14.3,0.0,23.0,0.0,99.0,68.9,52.1
027367,81.5,25.2,10.5,6.9,53.0,13.1,0.3,54.8,16.5,96.4,58.8,44.4
027565,80.5,2.4,2.4,0.0,62.2,1.2,0.0,50.6,11.0,87.8,31.1,7.0
027573,57.2,14.4,14.7,7.8,24.5,11.1,0.0,15.7,1.3,91.2,57.4,32.8
027656,68.7,15.7,25.3,0.0,13.3,32.5,0.0,32.5,0.0,98.8,48.1,22.3
027680,79.3,4.5,7.1,0.0,64.1,11.1,0.5,18.2,1.5,86.4,47.2,13.2
027698,60.5,13.2,16.5,9.7,28.4,17.8,1.6,21.6,11.6,96.5,55.0,31.1
027722,92.2,15.6,28.6,0.0,16.9,45.5,0.0,58.4,27.3,100.0,47.1,26.8
027763,63.0,0.7,6.4,0.0,37.9,6.4,2.1,14.3,15.0,98.6,40.8,7.3
027771,78.9,10.0,20.0,0.0,24.4,46.7,0.0,36.7,6.7,98.9,52.5,32.7
027854,62.2,8.1,18.0,0.0,27.0,24.3,0.9,27.9,4.5,99.1,40.2,15.2
027862,58.9,20.5,19.2,6.2,17.8,11.6,0.0,29.5,0.0,96.6,54.5,35.3
027888,73.0,24.3,28.4,0.0,10.8,36.5,1.4,55.4,16.2,93.2,47.5,32.8
027896,82.6,14.8,28.7,2.6,27.8,36.5,0.0,33.9,4.3,95.7,64.3,32.7
027961,64.9,14.3,23.4,0.0,26.0,0.0,0.0,36.4,10.4,96.1,35.2,23.4
027995,69.9,19.2,23.1,3.2,5.8,32.1,0.0,34.0,7.7,97.4,61.7,37.6
028068,57.4,17.5,16.9,3.8,20.8,25.1,0.5,29.0,6.6,94.0,39.7,33.2
028076,80.2,24.3,21.6,0.0,7.2,46.8,0.0,30.6,11.7,100.0,50.5,34.1
028100,78.0,7.9,10.2,7.1,68.5,0.8,0.0,10.2,3.9,89.0,34.8,14.6
028183,87.8,20.9,25.2,2.6,50.4,7.0,0.0,55.7,21.7,96.5,50.8,36.4
028217,54.3,15.5,13.0,18.6,22.7,8.0,0.0,18.6,4.0,94.0,47.1,31.4
028365,69.7,15.1,27.9,7.7,20.2,10.4,0.0,38.3,4.9,92.9,53.2,37.4
028373,81.2,67.6,60.0,42.9,3.5,22.4,0.6,11.2,0.6,99.4,90.7,69.1
028399,90.1,12.3,21.0,16.0,39.5,4.9,0.0,23.5,12.3,97.5,53.0,27.6
028506,81.0,14.3,38.1,0.0,41.3,38.1,0.0,44.4,14.3,98.4,60.4,37.8
028548,76.3,57.4,53.3,39.2,6.2,17.9,0.0,17.7,0.0,98.6,87.1,63.5
028605,75.2,20.4,34.4,10.7,27.4,35.2,0.0,41.9,27.8,98.5,71.0,56.1
028670,61.6,17.6,24.5,0.0,14.5,27.7,0.0,37.7,14.5,99.4,56.6,44.5
028712,79.3,60.7,41.5,31.1,8.1,0.7,0.0,23.7,1.5,98.5,80.8,64.9
028779,70.5,21.0,35.2,0.0,17.1,37.1,1.0,28.6,5.7,98.1,47.6,30.7
028860,70.8,15.4,23.8,0.0,21.5,14.6,0.0,33.1,10.0,97.7,55.5,34.3
028894,78.8,61.3,65.0,41.3,3.8,12.5,0.0,1.3,1.3,100.0,90.0,71.9
028910,72.8,28.2,55.3,0.0,1.9,55.3,0.0,49.5,7.8,99.0,65.7,50.0
028936,88.6,34.3,45.7,0.0,11.4,71.4,0.0,8.6,2.9,100.0,65.5,53.7
029009,56.3,3.1,0.0,0.0,34.4,15.6,3.1,12.5,3.1,75.0,27.5,1.6
029025,68.0,4.0,10.7,0.0,45.3,20.0,0.0,26.7,18.7,98.7,40.0,17.9
029074,69.8,25.6,44.2,0.0,7.0,25.6,0.0,27.9,7.0,100.0,48.9,53.5
029280,77.5,23.9,29.6,0.0,29.6,32.4,0.0,33.8,7.0,100.0,40.0,23.6
029454,74.4,12.2,27.8,0.0,33.3,5.6,0.0,36.7,3.3,98.9,31.0,27.2
029470,70.1,26.0,19.5,2.6,26.0,27.3,0.0,29.9,2.6,100.0,36.4,26.2
029538,64.1,10.3,28.2,0.0,10.3,43.6,0.0,15.4,0.0,87.2,46.7,31.5
029637,49.3,13.5,23.0,2.0,19.6,2.0,0.0,23.0,2.7,96.6,63.6,38.0
029694,61.5,0.0,6.2,0.0,32.3,12.3,0.0,41.5,4.6,96.9,20.0,13.5
029702,68.8,25.9,14.4,11.8,16.5,21.2,1.8,46.8,1.2,95.6,52.7,30.1
029710,56.4,31.8,24.5,10.0,20.0,11.8,0.0,8.2,0.0,98.2,66.2,43.1
029744,80.3,60.2,33.3,15.7,13.7,29.4,0.0,28.9,6.5,98.3,76.0,54.2
029793,66.7,26.2,19.0,0.0,19.0,16.7,0.0,38.1,4.8,100.0,61.3,61.0
029843,67.2,6.6,4.1,0.0,26.2,31.1,0.0,36.1,0.8,95.1,41.3,30.8
029876,66.7,29.0,24.2,13.7,22.5,18.5,0.0,15.7,0.9,97.4,66.9,42.9
029991,67.7,5.1,0.0,0.0,38.4,12.1,0.0,51.5,1.0,96.0,43.5,13.6
030098,67.8,6.9,13.9,2.9,42.4,17.6,0.0,39.6,2.4,93.1,38.1,23.1
030155,77.4,63.0,49.9,28.1,6.7,24.8,0.0,7.8,0.0,99.4,86.8,65.8
030304,94.8,13.0,16.9,0.0,27.3,68.8,0.0,28.6,1.3,98.7,56.7,45.6
030429,78.3,18.3,11.7,0.0,16.7,38.3,0.0,51.7,13.3,93.3,30.8,32.7
030452,67.3,30.0,40.0,13.3,15.3,48.7,1.3,10.0,10.0,96.0,81.0,55.3
030569,63.7,6.6,14.3,0.0,40.7,14.3,0.0,16.5,9.9,95.6,39.8,19.4
030585,76.0,6.7,16.3,0.0,34.6,23.1,0.0,43.3,12.5,94.2,45.4,16.7
030759,71.7,11.8,12.8,8.9,46.1,8.9,0.0,18.4,3.9,98.1,48.4,21.0
030841,49.6,19.4,16.5,0.7,21.6,23.7,0.0,12.9,6.5,93.5,51.7,32.1
030932,61.5,12.8,10.3,1.3,5.1,6.4,1.3,42.3,19.2,93.6,34.1,18.0
031104,61.9,4.8,6.8,0.0,38.1,0.7,0.0,25.9,6.1,87.1,31.7,17.7
031138,71.6,3.4,1.7,0.0,67.2,0.0,0.0,48.3,3.4,84.5,26.2,0.7
031187,64.0,10.5,11.4,7.0,43.0,17.5,0.9,26.3,4.4,94.7,54.2,20.5
031393,73.6,49.0,33.7,22.1,5.3,23.1,0.0,8.2,2.9,100.0,82.2,64.4
031583,44.4,1.6,0.0,0.0,33.3,0.0,0.0,12.7,0.0,95.2,51.0,17.1
031666,97.3,5.4,10.8,0.0,56.8,32.4,0.0,78.4,8.1,97.3,41.7,27.6
031716,75.0,16.7,16.7,0.0,16.7,29.2,0.0,41.7,41.7,100.0,36.1,29.0
031732,77.5,12.7,15.7,0.0,46.1,21.6,1.0,56.9,20.6,95.1,42.3,30.6
031815,79.5,1.4,9.6,0.0,65.8,8.2,0.0,45.2,15.1,97.3,30.5,13.2
031831,85.7,32.9,17.1,0.0,20.0,38.6,2.9,42.9,4.3,98.6,32.8,40.0
031856,63.0,17.8,24.4,2.2,22.2,28.9,0.0,2.2,0.0,95.6,58.0,36.4
031872,75.2,14.2,24.1,0.0,42.6,11.3,0.0,41.1,1.4,98.6,59.0,33.8
031880,79.5,11.1,7.7,0.0,41.0,25.6,0.0,43.6,9.4,95.7,41.2,27.6
031898,50.0,4.2,22.2,0.0,15.3,18.1,0.0,18.1,11.1,97.2,54.4,27.9
031989,68.0,19.4,23.5,14.4,30.5,15.0,1.5,16.4,4.7,96.5,60.7,44.3
031997,91.5,10.6,25.5,0.0,31.9,29.8,0.0,83.0,57.4,95.7,56.6,17.9
032243,78.4,73.6,45.2,37.0,1.9,31.7,0.0,3.8,0.0,99.5,74.8,74.3
032276,39.1,2.5,1.9,0.0,24.8,0.0,0.0,15.5,10.6,78.3,20.7,5.8
032508,79.7,22.2,41.0,13.7,31.6,10.4,0.0,41.0,4.2,95.3,59.2,36.6
032607,66.0,19.1,19.1,0.0,9.6,33.0,0.0,26.6,21.3,91.5,45.7,33.0
032755,67.3,29.6,27.4,2.2,14.2,35.4,0.0,32.3,0.4,96.5,55.1,37.6
032763,67.6,13.5,9.5,0.0,30.4,17.6,0.0,43.9,19.6,92.6,45.4,32.4
033050,97.1,41.2,44.1,0.0,32.4,79.4,0.0,35.3,0.0,100.0,80.8,67.6
033084,61.5,29.7,20.9,9.3,19.0,17.5,0.0,20.9,0.7,92.7,60.0,32.2
033282,68.1,8.8,14.2,0.0,34.5,1.8,0.0,40.7,11.5,91.2,34.9,23.1
033472,54.2,14.5,25.9,4.2,23.5,17.5,0.0,6.0,1.8,97.6,42.3,24.1
033555,47.9,7.1,12.1,0.4,20.4,7.9,0.0,30.0,0.8,90.8,31.1,15.6
033563,77.9,15.4,29.8,1.0,26.0,26.9,0.0,48.1,5.8,100.0,41.8,38.0
033944,75.6,22.0,51.2,0.0,4.9,63.4,0.0,9.8,2.4,85.4,61.3,34.1
034090,55.4,5.4,19.6,0.0,25.0,8.9,0.0,25.0,10.7,98.2,51.6,26.8
034108,56.5,38.4,35.4,13.5,7.3,0.8,0.0,7.6,0.0,94.3,67.0,50.0
034199,65.5,0.0,1.7,0.0,52.9,0.0,0.0,22.7,7.6,78.2,17.8,4.6
034256,74.2,10.6,11.4,0.0,26.5,23.5,0.0,34.1,9.1,94.7,54.0,35.8
034264,53.2,6.5,0.8,0.0,29.0,15.3,0.0,24.2,20.2,93.5,31.3,26.0
034272,70.4,33.7,29.1,10.1,26.6,14.6,0.0,28.6,4.0,94.5,54.5,37.3
034306,74.5,21.8,17.6,4.8,15.8,19.4,0.0,50.3,12.1,93.9,51.5,27.5
034314,84.6,7.7,16.9,0.0,35.4,27.7,1.5,35.4,30.8,98.5,35.0,26.5
034363,55.2,18.2,21.2,0.0,7.9,28.5,0.0,22.4,1.2,95.8,44.8,29.6
034538,61.9,0.0,3.6,0.0,46.4,15.5,0.0,0.0,0.0,89.3,45.2,11.0
034561,62.0,8.3,13.1,0.0,32.8,24.0,1.7,33.6,5.2,84.3,34.6,19.5
034793,77.2,18.5,21.7,2.2,23.9,27.2,1.1,43.5,2.2,98.9,53.6,42.7
034835,70.7,56.1,47.3,41.9,4.3,11.4,0.0,11.1,0.3,99.1,84.3,75.9
034918,77.2,12.3,21.1,0.0,22.8,28.1,1.8,54.4,8.8,96.5,52.0,20.6
035063,63.0,1.7,0.0,0.0,48.3,1.7,0.9,14.7,0.0,76.7,30.4,9.8
035089,59.4,19.2,23.3,10.5,20.3,16.2,0.0,21.1,1.1,91.7,58.6,38.0
035170,63.1,20.4,5.8,0.0,8.7,19.4,0.0,36.9,0.0,97.1,46.0,26.0
035196,85.0,13.3,11.7,0.0,31.7,35.0,0.0,51.7,3.3,96.7,42.9,26.7
035204,72.2,11.1,30.6,0.0,30.6,2.8,0.0,40.3,16.7,97.2,33.7,22.4
035220,51.1,20.0,24.4,0.0,0.0,28.9,0.0,13.3,2.2,95.6,52.3,24.2
035345,85.6,27.8,25.6,0.0,33.3,50.0,0.0,42.2,2.2,98.9,42.0,29.9
035469,52.2,21.7,18.8,2.9,34.8,5.8,0.0,20.3,20.3,95.7,60.8,33.7
035477,64.6,15.6,20.2,5.8,29.6,20.2,1.2,23.3,8.6,94.6,42.7,29.9
035485,78.1,10.6,21.9,0.0,53.1,23.8,0.0,40.6,26.9,95.0,43.1,22.1
035527,60.6,5.7,13.1,3.9,42.6,6.5,0.0,13.3,2.1,88.0,45.0,12.7
035584,37.7,4.3,1.4,0.0,26.1,4.3,0.0,27.5,2.9,97.1,34.3,10.5
035626,61.5,15.6,35.6,0.0,8.9,24.4,0.0,22.2,2.2,95.6,66.2,45.5
035659,92.0,29.3,30.7,0.0,10.7,44.0,0.0,56.0,32.0,100.0,68.6,50.0
035865,54.0,6.1,1.8,0.4,38.1,0.7,0.0,25.5,12.9,75.9,23.2,11.7
035956,78.3,6.7,18.6,0.0,41.5,39.1,0.0,60.1,26.1,86.6,43.8,18.1
036020,64.2,8.0,43.8,0.0,6.8,51.7,1.7,13.1,1.1,98.9,58.2,31.6
036095,78.0,6.8,35.6,0.0,28.8,35.6,0.0,45.8,5.1,94.9,37.5,21.1
036152,46.9,14.6,10.0,11.5,13.8,3.1,0.0,14.6,0.0,94.6,51.5,35.9
036210,66.3,35.3,26.8,10.2,14.8,12.0,1.2,28.4,1.8,95.8,67.2,44.1
036244,70.2,10.6,25.5,0.0,46.8,25.5,0.0,42.6,17.0,91.5,51.1,45.7
036269,59.7,27.3,11.7,7.8,10.4,7.1,1.9,30.5,0.6,96.1,58.7,32.9
036277,71.2,29.9,23.0,20.9,17.9,26.9,0.0,30.5,17.7,96.8,76.4,59.4
036301,90.2,13.9,22.1,0.8,79.5,18.9,0.8,23.8,28.7,95.9,41.4,24.8
036327,43.3,16.7,30.0,0.0,10.0,6.7,0.0,13.3,0.0,100.0,16.0,39.3
036582,69.2,10.6,19.2,0.0,26.0,5.8,0.0,50.0,16.3,95.2,45.5,24.2
036640,69.4,54.3,37.9,35.3,9.7,7.3,0.7,10.2,0.5,97.2,80.0,58.0
036707,75.5,27.3,28.5,13.2,9.6,32.7,0.0,51.8,0.0,94.1,69.7,48.9
036749,88.9,7.9,9.5,0.0,52.4,4.8,0.0,73.0,15.9,96.8,36.1,16.2
036822,60.0,13.7,6.5,0.2,27.8,18.6,4.0,25.0,0.4,98.7,43.0,18.8
036830,74.1,0.0,0.0,0.0,57.6,17.6,0.0,9.4,0.0,83.5,29.2,1.7
036863,66.1,30.9,24.6,7.6,17.4,9.7,0.0,20.8,3.4,98.7,53.5,42.8
036897,64.3,28.1,36.2,7.0,13.0,0.0,0.0,31.4,0.5,97.8,63.8,43.0
036954,72.0,14.9,15.5,8.9,29.2,37.5,2.4,33.9,4.8,98.2,56.7,29.2
036962,62.1,19.5,31.9,2.3,13.8,23.8,1.7,27.9,1.3,94.6,53.8,29.5
036988,60.4,5.2,9.9,1.9,33.0,18.9,0.0,32.1,2.4,91.0,41.9,14.0
037101,68.3,0.0,0.0,0.0,68.3,0.0,0.0,0.0,0.0,70.7,21.3,9.5
037275,77.0,21.8,47.1,0.0,18.4,0.0,0.0,31.0,3.4,97.7,55.6,36.6
037291,67.7,34.8,30.8,7.5,14.9,31.3,0.0,14.9,10.0,98.5,76.1,43.8
037390,73.2,4.2,26.8,0.0,31.0,45.1,0.0,23.9,7.0,88.7,38.9,36.0
037481,61.1,10.3,11.3,3.1,28.5,16.9,0.0,28.5,0.0,91.2,39.5,25.8
037515,66.9,17.4,13.5,0.0,19.1,32.6,0.0,26.4,0.6,99.4,53.5,35.5
037531,71.2,12.3,20.5,0.0,34.2,24.7,0.0,50.7,1.4,98.6,42.6,16.7
037564,72.5,20.2,25.7,0.0,12.8,32.1,0.0,38.5,4.6,94.5,47.2,37.2
037598,70.2,27.5,25.4,0.0,27.8,34.5,0.3,23.7,2.0,96.8,57.1,32.0
037663,73.6,29.7,31.9,7.7,33.0,29.7,0.0,37.4,12.1,92.3,46.8,26.8
037671,86.7,17.8,53.3,0.0,36.7,38.9,0.0,52.2,0.0,97.8,57.7,30.7
037697,50.0,6.8,0.0,0.0,23.9,8.0,0.0,42.0,25.0,96.6,28.2,34.2
037705,81.4,10.2,13.6,0.0,54.2,3.4,0.0,39.0,23.7,100.0,51.5,17.9
037846,54.9,9.7,18.6,0.0,23.0,19.5,0.0,27.4,8.0,93.8,47.8,26.4
037861,77.2,14.6,29.7,3.2,34.8,38.6,1.3,20.3,12.7,95.6,38.6,26.8
037911,85.6,15.5,26.8,0.0,62.9,15.5,3.1,38.1,1.0,97.9,37.5,34.6
037945,74.5,60.9,49.7,49.9,3.5,5.5,0.0,4.8,0.2,97.1,86.9,70.1
037952,71.8,12.2,21.4,0.0,48.9,0.0,0.0,40.5,25.2,94.7,49.6,38.6
037960,75.8,0.0,3.0,0.0,39.4,33.3,0.0,69.7,0.0,87.9,33.3,14.3
037994,68.4,10.3,10.3,0.0,20.5,23.9,0.0,41.9,7.7,91.5,46.5,21.6
038042,63.0,6.8,17.9,0.0,24.8,15.4,0.9,27.4,8.5,93.2,48.6,25.8
038109,70.4,16.8,9.5,3.6,47.8,5.9,0.0,48.6,7.0,88.3,47.6,26.6
038125,80.8,17.9,33.3,1.3,32.1,34.6,0.0,39.7,16.7,94.9,42.9,28.0
038174,75.7,22.1,39.3,7.9,18.6,42.9,2.1,30.0,18.6,98.6,61.1,35.0
038232,65.7,22.9,41.4,0.0,12.9,20.0,0.0,41.4,1.4,98.6,64.7,48.8
038265,60.6,11.5,17.6,3.6,25.5,3.0,0.0,24.2,13.9,98.8,43.0,30.1
038299,44.4,0.0,5.6,0.0,16.7,22.2,0.0,27.8,0.0,100.0,60.0,25.0
038349,57.6,19.7,25.8,0.0,13.6,28.0,1.5,17.4,1.5,97.7,49.0,40.0
038414,86.1,29.6,38.0,2.8,25.0,60.2,0.0,37.0,10.2,99.1,65.2,50.0
038471,69.2,12.0,18.0,0.0,37.6,2.3,0.0,27.8,12.0,97.7,35.5,10.5
038554,74.2,18.5,27.4,0.8,37.9,21.8,0.0,35.5,26.6,96.0,51.5,37.3
038588,63.0,7.2,15.1,0.0,30.3,10.8,0.0,12.4,7.6,94.8,43.3,23.6
038653,67.1,37.6,27.2,19.7,8.1,14.5,0.6,21.4,2.9,98.8,67.7,58.7
038695,68.2,15.2,26.5,0.0,21.2,25.8,0.0,31.8,2.3,98.5,41.0,25.1
038737,63.0,16.0,18.5,4.9,18.5,13.6,0.0,28.4,12.3,93.8,53.2,30.9
038760,83.7,18.4,15.3,0.0,12.2,56.1,0.0,42.9,11.2,100.0,60.4,35.2
038836,50.0,7.8,7.8,0.0,14.4,13.3,0.0,32.2,2.2,94.4,54.4,41.4
038893,50.0,18.5,22.2,0.0,9.3,37.0,0.0,5.6,0.0,81.5,38.0,23.0
038935,66.2,38.8,30.7,12.9,6.3,24.4,0.0,26.4,9.9,96.2,63.7,50.3
038950,47.3,3.6,2.4,0.0,36.1,8.3,0.0,16.6,6.5,66.3,18.7,4.4
039073,78.1,68.2,42.0,56.4,0.0,27.8,0.0,0.0,0.0,99.8,84.3,63.9
039081,51.4,5.4,29.7,5.4,13.5,0.0,0.0,13.5,0.0,91.9,35.9,18.4
039107,54.6,2.8,0.0,0.0,46.8,0.0,0.7,9.9,1.4,80.1,35.1,5.9
039164,64.1,17.1,23.3,0.0,28.6,20.4,0.0,33.9,3.7,94.7,44.4,36.7
039248,86.6,15.9,27.4,1.8,36.6,44.5,3.0,56.7,4.3,98.8,55.7,34.2
039263,69.4,1.7,1.7,0.0,51.2,8.3,0.0,13.2,0.0,97.5,31.1,8.7
039602,74.1,7.5,22.3,1.0,40.7,16.1,0.0,53.4,3.6,87.9,37.1,26.9
039701,54.2,10.2,18.6,4.0,26.0,14.7,0.0,26.0,7.3,89.3,36.1,24.6
039750,94.6,21.6,29.7,0.0,37.8,59.5,0.0,37.8,2.7,100.0,59.6,41.7
039784,63.7,7.7,18.7,0.0,20.9,13.2,0.0,39.6,5.5,96.7,33.8,34.0
039842,50.6,15.6,19.8,8.4,15.3,20.7,0.3,13.8,1.5,96.1,54.0,34.6
039883,72.5,19.6,17.0,0.0,24.2,15.0,0.7,35.9,17.6,92.8,47.9,33.1
039909,67.7,9.0,17.4,0.0,47.7,0.6,0.0,36.8,0.6,94.8,44.1,22.1
040048,47.0,7.5,0.2,1.1,21.8,16.4,0.0,23.0,8.4,85.7,46.0,30.4
040055,81.3,32.1,40.2,10.7,34.8,21.4,0.0,24.1,4.5,97.3,69.2,47.1
040071,54.8,22.6,22.6,0.0,17.9,23.8,1.2,21.4,4.8,98.8,38.7,26.1
040097,71.1,5.3,13.2,0.0,23.7,10.5,0.0,55.3,13.2,94.7,54.1,27.5
040261,76.7,8.6,25.9,0.0,43.1,0.0,0.0,56.0,11.2,94.8,28.8,20.6
040279,51.2,2.4,19.5,0.0,19.5,24.4,0.0,22.0,0.0,87.8,35.7,28.8
040527,67.8,1.4,0.0,0.0,58.0,7.7,0.0,4.9,4.2,81.8,18.1,5.1
040667,69.5,0.0,16.9,0.0,49.2,6.8,0.0,33.9,0.0,93.2,21.4,8.8
040675,57.1,32.6,18.8,18.5,12.2,4.9,0.0,14.9,0.8,93.5,62.9,44.8
040683,61.0,9.8,17.1,0.0,22.0,0.0,0.0,40.7,14.6,93.5,43.6,25.5
040758,65.9,49.2,37.4,24.3,5.2,12.1,0.0,6.6,0.0,97.0,80.8,63.0
040931,40.8,18.4,22.4,2.0,13.3,0.0,0.0,11.2,1.0,99.0,63.1,38.0
040964,63.0,15.4,10.6,0.9,35.2,13.2,0.9,14.1,1.3,81.9,44.2,23.8
041004,97.8,11.1,20.0,0.0,93.3,37.8,0.0,53.3,6.7,100.0,26.9,10.5
041020,28.9,3.2,6.9,0.0,10.1,7.3,0.0,14.7,0.9,84.9,33.5,9.0
041046,60.1,10.9,5.5,2.0,38.3,0.0,0.0,42.0,0.2,87.3,31.9,18.0
041202,50.0,20.5,19.6,1.8,9.8,0.0,0.0,27.7,8.0,99.1,54.5,39.0
041319,63.6,3.7,18.7,0.0,16.8,7.5,0.0,54.2,15.9,95.3,50.0,27.6
041368,86.3,16.3,20.9,14.1,51.6,7.5,0.9,44.7,8.4,94.4,47.5,38.1
041376,64.5,56.4,38.1,35.7,3.0,4.6,0.0,12.6,0.7,97.2,80.6,67.2
041442,79.8,20.2,7.1,1.2,41.7,28.6,6.0,40.5,1.2,100.0,37.2,29.6
041558,65.7,6.7,13.5,0.0,27.0,22.5,0.0,43.8,9.6,91.0,46.0,23.4
041723,62.9,2.9,11.4,0.0,28.6,5.7,0.0,31.4,0.0,91.4,29.0,14.6
041848,52.2,7.5,5.6,0.0,24.8,15.5,0.0,29.8,10.6,95.7,42.1,25.0
042044,64.2,17.3,27.2,1.2,18.5,35.8,0.0,23.5,9.9,98.8,41.8,36.3
042051,51.0,18.5,35.8,7.9,4.0,9.3,0.0,14.6,0.7,97.4,60.3,49.4
042085,64.3,14.3,40.5,2.4,14.3,50.0,0.0,14.3,7.1,97.6,50.0,52.5
042150,63.0,0.0,1.0,0.0,37.9,1.0,0.0,25.2,2.9,65.0,11.5,5.0
042218,66.3,21.3,22.1,10.4,16.7,21.3,0.8,28.3,4.2,95.0,54.2,37.3
042283,58.9,29.0,29.0,14.7,13.3,15.4,0.0,17.8,0.2,94.5,69.9,55.6
042333,92.6,16.7,44.4,0.0,70.4,16.7,0.0,46.3,44.4,100.0,52.6,33.8
042341,62.8,2.6,16.7,0.0,24.4,26.9,0.0,32.1,1.3,97.4,37.7,31.4
042366,55.8,15.1,11.6,0.0,16.3,12.8,0.0,37.2,10.5,97.7,48.5,31.9
042382,73.9,50.0,47.2,49.3,3.5,8.5,0.0,14.1,0.7,99.3,83.5,69.3
042408,58.7,11.9,18.3,3.6,24.2,13.1,0.0,27.8,3.6,90.9,38.3,16.3
042416,48.1,29.6,35.2,20.4,0.0,1.9,0.0,16.7,0.0,98.1,65.2,47.1
042564,81.3,4.0,16.0,0.0,40.0,34.7,0.0,30.7,4.0,97.3,44.8,34.7
042572,73.1,14.8,20.4,0.0,43.5,11.1,0.0,37.0,11.1,95.4,38.5,24.5
042598,72.3,5.8,8.7,0.0,45.1,16.2,0.6,19.1,1.2,94.8,36.8,20.8
042796,78.3,12.0,17.2,2.6,37.1,14.2,1.9,34.8,6.7,94.4,44.0,24.7
061317,72.5,20.6,21.6,1.0,17.6,25.5,0.0,41.2,12.7,90.2,46.9,31.6
061325,54.5,34.4,20.1,4.3,16.0,21.4,0.0,11.7,0.9,92.0,54.3,31.6
061333,63.0,10.6,9.2,1.0,38.2,12.3,0.0,28.0,3.4,88.2,35.4,19.6
061812,72.6,34.6,37.6,13.7,15.0,34.6,0.0,43.6,4.3,97.0,69.8,48.4
063461,63.0,0.0,0.0,0.0,27.3,0.0,0.0,7.6,0.0,78.8,13.6,4.7
064147,66.0,1.6,18.9,0.0,50.3,8.0,0.0,14.1,2.2,92.9,38.6,18.2
064576,24.5,16.3,0.0,0.0,6.1,2.0,0.0,0.0,0.0,90.8,58.6,21.1
064683,76.0,4.5,5.9,0.9,47.5,14.9,0.5,40.7,0.9,92.8,35.1,17.0
064758,76.0,55.3,36.0,36.0,11.0,31.3,0.4,13.9,2.7,97.9,78.3,63.0
064865,60.3,4.8,9.6,0.0,29.5,18.5,0.0,30.8,0.0,97.3,40.3,13.4
066795,86.2,0.7,3.3,0.0,62.5,11.2,0.0,67.1,11.8,90.8,35.2,11.4
067728,51.1,2.6,1.6,0.0,39.5,3.7,0.0,10.5,0.0,71.1,22.6,7.9
067736,66.0,1.3,2.0,0.0,59.3,4.0,0.0,6.0,0.7,78.7,31.2,5.3
067959,55.4,32.2,21.4,15.9,12.8,18.0,0.0,14.8,0.9,93.3,72.8,41.5
068239,79.7,5.3,8.6,0.0,57.8,0.5,0.0,36.4,3.2,92.5,53.8,20.0
068502,67.4,47.5,43.8,34.1,10.1,6.9,0.0,12.7,3.6,96.0,78.8,66.9
068528,67.6,2.7,7.4,0.0,56.1,10.8,0.7,14.2,0.0,86.5,37.8,7.1
068536,72.1,13.2,6.1,2.0,51.8,10.2,2.0,19.3,3.0,95.9,60.4,31.1
068551,79.7,30.6,37.4,16.0,17.1,35.9,0.0,49.5,0.0,95.7,66.5,48.0
068577,42.3,5.1,16.8,0.0,6.6,23.4,0.0,17.5,2.2,91.2,58.8,35.3
068619,71.7,15.2,0.0,10.1,22.2,48.5,0.0,58.6,1.0,99.0,70.1,51.3
098590,43.2,8.4,15.8,4.2,18.9,8.4,0.0,0.0,3.2,94.7,64.6,40.9
098640,64.2,36.9,31.8,20.2,11.6,11.1,2.6,20.7,0.9,97.7,69.3,50.3
111138,77.7,5.0,19.0,0.0,48.8,21.5,0.0,40.5,13.2,90.9,41.1,22.1
112094,61.6,37.6,29.3,14.6,13.3,13.8,0.0,13.3,0.3,93.9,71.3,46.1
120485,61.9,29.4,19.7,17.8,17.5,20.8,1.7,14.4,1.4,93.9,69.6,46.6
123539,63.3,38.3,24.5,13.0,14.6,15.4,0.0,19.1,0.3,92.8,71.5,50.9
123836,64.6,31.8,20.8,6.6,22.5,20.8,0.0,30.2,0.3,94.6,68.2,46.9
132761,36.4,0.0,0.0,0.0,36.4,0.0,0.0,0.0,0.0,63.6,6.3,
133256,29.7,8.1,6.8,0.0,14.9,2.7,0.0,10.8,9.5,91.9,50.6,24.7
133421,32.5,5.0,7.5,0.0,17.5,10.0,0.0,0.0,0.0,72.5,27.9,5.7
133439,6.5,6.5,0.0,0.0,0.0,0.0,0.0,0.0,0.0,90.3,73.3,
133512,97.4,2.6,13.2,0.0,94.7,5.3,0.0,0.0,0.0,97.4,26.7,2.8
133629,63.0,4.0,10.0,0.0,18.0,14.0,0.0,0.0,0.0,90.0,38.9,10.0
133660,93.4,11.0,11.8,0.0,89.7,11.0,0.0,18.4,4.4,98.5,63.3,27.0
133942,77.0,12.6,27.6,0.0,5.7,6.9,0.0,67.8,0.0,95.4,72.5,51.1
134122,0.0,0.0,0.0,0.0,0.0,0.0,0.0,0.0,0.0,20.0,0.0,
136101,56.5,28.0,26.7,23.6,15.2,14.9,0.0,14.0,0.6,99.1,73.5,55.7
138198,59.6,4.4,5.9,0.0,34.6,8.8,0.0,24.3,0.7,92.6,58.6,20.4
139311,79.1,24.5,30.0,0.0,27.3,38.2,2.3,31.4,4.1,97.7,58.3,39.9
140152,24.4,0.0,0.0,0.0,21.4,0.0,0.0,3.1,0.0,32.8,3.7,
142018,52.4,20.6,13.1,2.8,21.1,19.8,0.0,22.4,2.1,91.8,45.0,26.6
142034,70.2,5.3,0.0,0.0,49.1,8.8,0.0,21.1,0.0,96.5,54.0,11.5
142398,25.3,0.5,0.0,0.0,21.5,2.7,0.0,2.2,0.5,55.4,13.2,2.3
142950,31.4,5.6,2.6,0.1,20.7,1.8,0.0,6.1,0.9,72.1,22.1,11.9
143396,7.2,0.6,0.1,0.0,5.8,0.1,0.0,1.2,0.0,35.8,9.5,3.8
143610,26.4,14.9,20.7,0.0,0.0,8.0,0.0,0.0,0.0,93.1,58.2,26.4
143644,63.0,0.0,5.0,0.0,35.0,0.0,0.0,27.5,2.5,85.0,47.1,5.4
145086,65.2,32.8,24.3,15.2,22.8,19.6,0.0,20.1,0.0,97.3,73.8,54.1
145557,63.0,0.0,0.5,0.0,48.1,1.9,0.0,0.5,0.0,74.5,24.4,5.6
145722,75.0,0.0,1.8,0.0,67.9,25.0,0.0,39.3,1.8,89.3,25.8,8.5
145953,74.2,58.3,49.0,30.4,4.0,20.6,0.0,14.2,0.2,99.8,91.6,74.3
146183,64.1,43.8,20.6,18.1,15.3,15.5,0.0,12.0,1.3,93.9,66.1,48.4
146365,69.7,0.0,5.4,0.0,60.6,7.5,0.0,3.3,0.0,87.6,23.6,10.9
146373,95.5,56.8,0.0,0.0,47.7,59.1,0.0,95.5,0.0,100.0,60.0,18.8
146480,84.0,6.4,8.5,0.0,61.7,7.4,1.1,62.8,14.9,95.7,35.1,15.0
146928,85.4,75.5,51.3,38.8,3.4,34.8,0.4,6.5,1.9,98.5,89.3,74.6
147397,38.8,26.2,17.5,9.7,1.0,3.9,0.0,11.7,0.0,96.1,60.7,41.3
147520,84.2,0.0,0.0,0.0,81.5,13.0,0.0,35.6,3.4,87.7,24.4,4.0
147538,72.1,0.0,0.0,0.0,56.3,22.6,0.0,2.6,2.1,90.0,31.1,5.6
,,,,,,,,,,,,
,,,,,,,,,,,,
,,,,,,,,,,,,
,,,,,,,,,,,,
,,,,,,,,,,,,
,,,,,,,,,,,,
,,,,,,,,,,,,
,,,,,,,,,,,,
,,,,,,,,,,,,
,,,,,,,,,,,,
,,,,,,,,,,,,
,,,,,,,,,,,,
,,,,,,,,,,,,
,,,,,,,,,,,,
,,,,,,,,,,,,
,,,,,,,,,,,,
,,,,,,,,,,,,
,,,,,,,,,,,,
,,,,,,,,,,,,
,,,,,,,,,,,,
,,,,,,,,,,,,
,,,,,,,,,,,,
,,,,,,,,,,,,
,,,,,,,,,,,,
,,,,,,,,,,,,
,,,,,,,,,,,,
,,,,,,,,,,,,
,,,,,,,,,,,,
,,,,,,,,,,,,
,,,,,,,,,,,,
,,,,,,,,,,,,
,,,,,,,,,,,,
,,,,,,,,,,,,
,,,,,,,,,,,,
,,,,,,,,,,,,
,,,,,,,,,,,,
,,,,,,,,,,,,
,,,,,,,,,,,,
,,,,,,,,,,,,
,,,,,,,,,,,,
,,,,,,,,,,,,
,,,,,,,,,,,,
,,,,,,,,,,,,
,,,,,,,,,,,,
,,,,,,,,,,,,
,,,,,,,,,,,,
,,,,,,,,,,,,
,,,,,,,,,,,,
,,,,,,,,,,,,
,,,,,,,,,,,,
,,,,,,,,,,,,
,,,,,,,,,,,,
,,,,,,,,,,,,
,,,,,,,,,,,,
,,,,,,,,,,,,
,,,,,,,,,,,,
,,,,,,,,,,,,
,,,,,,,,,,,,
,,,,,,,,,,,,
,,,,,,,,,,,,
,,,,,,,,,,,,
,,,,,,,,,,,,
,,,,,,,,,,,,
,,,,,,,,,,,,
,,,,,,,,,,,,
,,,,,,,,,,,,
,,,,,,,,,,,,
,,,,,,,,,,,,
,,,,,,,,,,,,
,,,,,,,,,,,,
,,,,,,,,,,,,
,,,,,,,,,,,,
,,,,,,,,,,,,
,,,,,,,,,,,,
,,,,,,,,,,,,
,,,,,,,,,,,,
,,,,,,,,,,,,
,,,,,,,,,,,,
,,,,,,,,,,,,
,,,,,,,,,,,,
,,,,,,,,,,,,
,,,,,,,,,,,,
,,,,,,,,,,,,
,,,,,,,,,,,,
,,,,,,,,,,,,
,,,,,,,,,,,,
,,,,,,,,,,,,
,,,,,,,,,,,,
,,,,,,,,,,,,
,,,,,,,,,,,,
,,,,,,,,,,,,
,,,,,,,,,,,,
,,,,,,,,,,,,
,,,,,,,,,,,,
,,,,,,,,,,,,
,,,,,,,,,,,,
,,,,,,,,,,,,
,,,,,,,,,,,,
,,,,,,,,,,,,
,,,,,,,,,,,,
,,,,,,,,,,,,
,,,,,,,,,,,,
,,,,,,,,,,,,
,,,,,,,,,,,,
,,,,,,,,,,,,
,,,,,,,,,,,,
,,,,,,,,,,,,
,,,,,,,,,,,,
,,,,,,,,,,,,
,,,,,,,,,,,,
,,,,,,,,,,,,
,,,,,,,,,,,,
,,,,,,,,,,,,
,,,,,,,,,,,,
,,,,,,,,,,,,
,,,,,,,,,,,,
,,,,,,,,,,,,
,,,,,,,,,,,,
,,,,,,,,,,,,
,,,,,,,,,,,,
,,,,,,,,,,,,
,,,,,,,,,,,,
,,,,,,,,,,,,
,,,,,,,,,,,,
,,,,,,,,,,,,
,,,,,,,,,,,,
,,,,,,,,,,,,
,,,,,,,,,,,,
,,,,,,,,,,,,
,,,,,,,,,,,,
,,,,,,,,,,,,
,,,,,,,,,,,,
,,,,,,,,,,,,
,,,,,,,,,,,,
,,,,,,,,,,,,
,,,,,,,,,,,,
,,,,,,,,,,,,
,,,,,,,,,,,,
,,,,,,,,,,,,
,,,,,,,,,,,,
,,,,,,,,,,,,
,,,,,,,,,,,,
,,,,,,,,,,,,
,,,,,,,,,,,,
,,,,,,,,,,,,
,,,,,,,,,,,,
,,,,,,,,,,,,
,,,,,,,,,,,,
,,,,,,,,,,,,
,,,,,,,,,,,,
,,,,,,,,,,,,
,,,,,,,,,,,,
,,,,,,,,,,,,
,,,,,,,,,,,,
,,,,,,,,,,,,
,,,,,,,,,,,,
,,,,,,,,,,,,
,,,,,,,,,,,,
,,,,,,,,,,,,
,,,,,,,,,,,,
,,,,,,,,,,,,
,,,,,,,,,,,,
,,,,,,,,,,,,
,,,,,,,,,,,,
,,,,,,,,,,,,
,,,,,,,,,,,,
,,,,,,,,,,,,
,,,,,,,,,,,,
,,,,,,,,,,,,
,,,,,,,,,,,,
,,,,,,,,,,,,
,,,,,,,,,,,,
,,,,,,,,,,,,
,,,,,,,,,,,,
,,,,,,,,,,,,
,,,,,,,,,,,,
,,,,,,,,,,,,
,,,,,,,,,,,,
,,,,,,,,,,,,
,,,,,,,,,,,,
,,,,,,,,,,,,
,,,,,,,,,,,,
,,,,,,,,,,,,
,,,,,,,,,,,,
,,,,,,,,,,,,
,,,,,,,,,,,,
,,,,,,,,,,,,
,,,,,,,,,,,,
,,,,,,,,,,,,
,,,,,,,,,,,,
,,,,,,,,,,,,
,,,,,,,,,,,,
,,,,,,,,,,,,
,,,,,,,,,,,,
,,,,,,,,,,,,
,,,,,,,,,,,,
,,,,,,,,,,,,
,,,,,,,,,,,,
,,,,,,,,,,,,
,,,,,,,,,,,,
,,,,,,,,,,,,
,,,,,,,,,,,,
,,,,,,,,,,,,
,,,,,,,,,,,,
,,,,,,,,,,,,
,,,,,,,,,,,,
,,,,,,,,,,,,
,,,,,,,,,,,,
,,,,,,,,,,,,
,,,,,,,,,,,,
,,,,,,,,,,,,
,,,,,,,,,,,,
,,,,,,,,,,,,
,,,,,,,,,,,,
,,,,,,,,,,,,
,,,,,,,,,,,,
,,,,,,,,,,,,
,,,,,,,,,,,,
,,,,,,,,,,,,
,,,,,,,,,,,,
,,,,,,,,,,,,
,,,,,,,,,,,,
,,,,,,,,,,,,
,,,,,,,,,,,,
,,,,,,,,,,,,
,,,,,,,,,,,,
,,,,,,,,,,,,
,,,,,,,,,,,,
,,,,,,,,,,,,
,,,,,,,,,,,,
,,,,,,,,,,,,
,,,,,,,,,,,,
,,,,,,,,,,,,
,,,,,,,,,,,,
,,,,,,,,,,,,
,,,,,,,,,,,,
,,,,,,,,,,,,
,,,,,,,,,,,,
,,,,,,,,,,,,
,,,,,,,,,,,,
,,,,,,,,,,,,
,,,,,,,,,,,,
,,,,,,,,,,,,
,,,,,,,,,,,,
,,,,,,,,,,,,
,,,,,,,,,,,,
,,,,,,,,,,,,
,,,,,,,,,,,,
,,,,,,,,,,,,
,,,,,,,,,,,,
,,,,,,,,,,,,
,,,,,,,,,,,,
,,,,,,,,,,,,
,,,,,,,,,,,,
,,,,,,,,,,,,
,,,,,,,,,,,,
,,,,,,,,,,,,
,,,,,,,,,,,,
,,,,,,,,,,,,
,,,,,,,,,,,,
,,,,,,,,,,,,
,,,,,,,,,,,,
,,,,,,,,,,,,
,,,,,,,,,,,,
,,,,,,,,,,,,
,,,,,,,,,,,,
,,,,,,,,,,,,
,,,,,,,,,,,,
,,,,,,,,,,,,
,,,,,,,,,,,,
,,,,,,,,,,,,
,,,,,,,,,,,,
,,,,,,,,,,,,
,,,,,,,,,,,,
,,,,,,,,,,,,
,,,,,,,,,,,,
,,,,,,,,,,,,
,,,,,,,,,,,,
,,,,,,,,,,,,
,,,,,,,,,,,,
,,,,,,,,,,,,
,,,,,,,,,,,,
,,,,,,,,,,,,
,,,,,,,,,,,,
,,,,,,,,,,,,
,,,,,,,,,,,,
,,,,,,,,,,,,
,,,,,,,,,,,,
,,,,,,,,,,,,
,,,,,,,,,,,,
,,,,,,,,,,,,
,,,,,,,,,,,,
,,,,,,,,,,,,
,,,,,,,,,,,,
,,,,,,,,,,,,
,,,,,,,,,,,,
,,,,,,,,,,,,
,,,,,,,,,,,,
,,,,,,,,,,,,
,,,,,,,,,,,,
,,,,,,,,,,,,
,,,,,,,,,,,,
,,,,,,,,,,,,
,,,,,,,,,,,,
,,,,,,,,,,,,
,,,,,,,,,,,,
,,,,,,,,,,,,
,,,,,,,,,,,,
,,,,,,,,,,,,
,,,,,,,,,,,,
,,,,,,,,,,,,
,,,,,,,,,,,,
,,,,,,,,,,,,
,,,,,,,,,,,,
,,,,,,,,,,,,
,,,,,,,,,,,,
,,,,,,,,,,,,
,,,,,,,,,,,,
,,,,,,,,,,,,
,,,,,,,,,,,,
,,,,,,,,,,,,
,,,,,,,,,,,,
,,,,,,,,,,,,
,,,,,,,,,,,,
,,,,,,,,,,,,
,,,,,,,,,,,,
,,,,,,,,,,,,
,,,,,,,,,,,,
,,,,,,,,,,,,
,,,,,,,,,,,,
,,,,,,,,,,,,
,,,,,,,,,,,,
,,,,,,,,,,,,
,,,,,,,,,,,,
,,,,,,,,,,,,
,,,,,,,,,,,,
,,,,,,,,,,,,
,,,,,,,,,,,,
,,,,,,,,,,,,
,,,,,,,,,,,,
,,,,,,,,,,,,
,,,,,,,,,,,,
,,,,,,,,,,,,
,,,,,,,,,,,,
,,,,,,,,,,,,
,,,,,,,,,,,,
,,,,,,,,,,,,
,,,,,,,,,,,,
,,,,,,,,,,,,
,,,,,,,,,,,,
,,,,,,,,,,,,
,,,,,,,,,,,,
,,,,,,,,,,,,
,,,,,,,,,,,,
,,,,,,,,,,,,
,,,,,,,,,,,,
,,,,,,,,,,,,
,,,,,,,,,,,,
,,,,,,,,,,,,
,,,,,,,,,,,,
,,,,,,,,,,,,
,,,,,,,,,,,,
,,,,,,,,,,,,
,,,,,,,,,,,,
,,,,,,,,,,,,
,,,,,,,,,,,,
,,,,,,,,,,,,
,,,,,,,,,,,,
,,,,,,,,,,,,
,,,,,,,,,,,,
,,,,,,,,,,,,
,,,,,,,,,,,,
,,,,,,,,,,,,
,,,,,,,,,,,,
,,,,,,,,,,,,
,,,,,,,,,,,,
,,,,,,,,,,,,
,,,,,,,,,,,,
,,,,,,,,,,,,
,,,,,,,,,,,,
,,,,,,,,,,,,
,,,,,,,,,,,,
,,,,,,,,,,,,
,,,,,,,,,,,,
,,,,,,,,,,,,
,,,,,,,,,,,,
,,,,,,,,,,,,
,,,,,,,,,,,,
,,,,,,,,,,,,
,,,,,,,,,,,,
,,,,,,,,,,,,
,,,,,,,,,,,,
,,,,,,,,,,,,
,,,,,,,,,,,,
,,,,,,,,,,,,
,,,,,,,,,,,,
,,,,,,,,,,,,
,,,,,,,,,,,,
,,,,,,,,,,,,
,,,,,,,,,,,,
,,,,,,,,,,,,
,,,,,,,,,,,,
,,,,,,,,,,,,
,,,,,,,,,,,,
,,,,,,,,,,,,
,,,,,,,,,,,,
,,,,,,,,,,,,
,,,,,,,,,,,,
,,,,,,,,,,,,
,,,,,,,,,,,,
,,,,,,,,,,,,
,,,,,,,,,,,,
,,,,,,,,,,,,
,,,,,,,,,,,,
,,,,,,,,,,,,
,,,,,,,,,,,,
,,,,,,,,,,,,
,,,,,,,,,,,,
,,,,,,,,,,,,
,,,,,,,,,,,,
,,,,,,,,,,,,
,,,,,,,,,,,,
,,,,,,,,,,,,
,,,,,,,,,,,,
,,,,,,,,,,,,
,,,,,,,,,,,,
,,,,,,,,,,,,
,,,,,,,,,,,,
,,,,,,,,,,,,
,,,,,,,,,,,,
,,,,,,,,,,,,
,,,,,,,,,,,,
,,,,,,,,,,,,
,,,,,,,,,,,,
,,,,,,,,,,,,
,,,,,,,,,,,,
,,,,,,,,,,,,
,,,,,,,,,,,,
,,,,,,,,,,,,
,,,,,,,,,,,,
,,,,,,,,,,,,
,,,,,,,,,,,,
,,,,,,,,,,,,
,,,,,,,,,,,,
,,,,,,,,,,,,
,,,,,,,,,,,,
,,,,,,,,,,,,
,,,,,,,,,,,,
,,,,,,,,,,,,
,,,,,,,,,,,,
,,,,,,,,,,,,
,,,,,,,,,,,,
,,,,,,,,,,,,
,,,,,,,,,,,,
,,,,,,,,,,,,
,,,,,,,,,,,,
,,,,,,,,,,,,
,,,,,,,,,,,,
,,,,,,,,,,,,
,,,,,,,,,,,,
,,,,,,,,,,,,
,,,,,,,,,,,,
,,,,,,,,,,,,
,,,,,,,,,,,,
,,,,,,,,,,,,
,,,,,,,,,,,,
,,,,,,,,,,,,
,,,,,,,,,,,,
,,,,,,,,,,,,
,,,,,,,,,,,,
,,,,,,,,,,,,
,,,,,,,,,,,,
,,,,,,,,,,,,
,,,,,,,,,,,,
,,,,,,,,,,,,
,,,,,,,,,,,,
,,,,,,,,,,,,
,,,,,,,,,,,,
,,,,,,,,,,,,
,,,,,,,,,,,,
,,,,,,,,,,,,
,,,,,,,,,,,,
,,,,,,,,,,,,
,,,,,,,,,,,,
,,,,,,,,,,,,
,,,,,,,,,,,,
,,,,,,,,,,,,
,,,,,,,,,,,,
,,,,,,,,,,,,
,,,,,,,,,,,,
,,,,,,,,,,,,
,,,,,,,,,,,,
,,,,,,,,,,,,
,,,,,,,,,,,,
,,,,,,,,,,,,
,,,,,,,,,,,,
,,,,,,,,,,,,
,,,,,,,,,,,,
,,,,,,,,,,,,
,,,,,,,,,,,,
,,,,,,,,,,,,
,,,,,,,,,,,,
,,,,,,,,,,,,
,,,,,,,,,,,,
,,,,,,,,,,,,
,,,,,,,,,,,,
,,,,,,,,,,,,
,,,,,,,,,,,,
,,,,,,,,,,,,
,,,,,,,,,,,,
,,,,,,,,,,,,
,,,,,,,,,,,,
,,,,,,,,,,,,
,,,,,,,,,,,,
,,,,,,,,,,,,
,,,,,,,,,,,,
,,,,,,,,,,,,
,,,,,,,,,,,,
,,,,,,,,,,,,
,,,,,,,,,,,,
,,,,,,,,,,,,
,,,,,,,,,,,,
,,,,,,,,,,,,
,,,,,,,,,,,,
,,,,,,,,,,,,
,,,,,,,,,,,,
,,,,,,,,,,,,
,,,,,,,,,,,,
,,,,,,,,,,,,
,,,,,,,,,,,,
,,,,,,,,,,,,
,,,,,,,,,,,,
,,,,,,,,,,,,
,,,,,,,,,,,,
,,,,,,,,,,,,
,,,,,,,,,,,,
,,,,,,,,,,,,
,,,,,,,,,,,,
,,,,,,,,,,,,
,,,,,,,,,,,,
,,,,,,,,,,,,
,,,,,,,,,,,,
,,,,,,,,,,,,
,,,,,,,,,,,,
,,,,,,,,,,,,
,,,,,,,,,,,,
,,,,,,,,,,,,
,,,,,,,,,,,,
,,,,,,,,,,,,
,,,,,,,,,,,,
,,,,,,,,,,,,
,,,,,,,,,,,,
,,,,,,,,,,,,
,,,,,,,,,,,,
,,,,,,,,,,,,
,,,,,,,,,,,,
,,,,,,,,,,,,
,,,,,,,,,,,,
,,,,,,,,,,,,
,,,,,,,,,,,,
,,,,,,,,,,,,
,,,,,,,,,,,,
,,,,,,,,,,,,
,,,,,,,,,,,,
,,,,,,,,,,,,
,,,,,,,,,,,,
,,,,,,,,,,,,
,,,,,,,,,,,,
,,,,,,,,,,,,
,,,,,,,,,,,,
,,,,,,,,,,,,
,,,,,,,,,,,,
,,,,,,,,,,,,
,,,,,,,,,,,,
,,,,,,,,,,,,
,,,,,,,,,,,,
,,,,,,,,,,,,
,,,,,,,,,,,,
,,,,,,,,,,,,
,,,,,,,,,,,,
,,,,,,,,,,,,
,,,,,,,,,,,,
,,,,,,,,,,,,
,,,,,,,,,,,,
,,,,,,,,,,,,
,,,,,,,,,,,,
,,,,,,,,,,,,
,,,,,,,,,,,,
,,,,,,,,,,,,
,,,,,,,,,,,,
,,,,,,,,,,,,
,,,,,,,,,,,,
,,,,,,,,,,,,
,,,,,,,,,,,,
,,,,,,,,,,,,
,,,,,,,,,,,,
,,,,,,,,,,,,
,,,,,,,,,,,,
,,,,,,,,,,,,
,,,,,,,,,,,,
,,,,,,,,,,,,
,,,,,,,,,,,,
,,,,,,,,,,,,
,,,,,,,,,,,,
,,,,,,,,,,,,
,,,,,,,,,,,,
,,,,,,,,,,,,
,,,,,,,,,,,,
,,,,,,,,,,,,
,,,,,,,,,,,,
,,,,,,,,,,,,
,,,,,,,,,,,,
,,,,,,,,,,,,
,,,,,,,,,,,,
,,,,,,,,,,,,
,,,,,,,,,,,,
,,,,,,,,,,,,
,,,,,,,,,,,,
,,,,,,,,,,,,
,,,,,,,,,,,,
,,,,,,,,,,,,
,,,,,,,,,,,,
,,,,,,,,,,,,
,,,,,,,,,,,,
,,,,,,,,,,,,
,,,,,,,,,,,,
,,,,,,,,,,,,
,,,,,,,,,,,,
,,,,,,,,,,,,
,,,,,,,,,,,,
,,,,,,,,,,,,
,,,,,,,,,,,,
,,,,,,,,,,,,
,,,,,,,,,,,,
,,,,,,,,,,,,
,,,,,,,,,,,,
,,,,,,,,,,,,
,,,,,,,,,,,,
,,,,,,,,,,,,
,,,,,,,,,,,,
,,,,,,,,,,,,
,,,,,,,,,,,,
,,,,,,,,,,,,
,,,,,,,,,,,,
,,,,,,,,,,,,
,,,,,,,,,,,,
,,,,,,,,,,,,
,,,,,,,,,,,,
,,,,,,,,,,,,
,,,,,,,,,,,,
,,,,,,,,,,,,
,,,,,,,,,,,,
,,,,,,,,,,,,
,,,,,,,,,,,,
,,,,,,,,,,,,
,,,,,,,,,,,,
,,,,,,,,,,,,
,,,,,,,,,,,,
,,,,,,,,,,,,
,,,,,,,,,,,,
,,,,,,,,,,,,
,,,,,,,,,,,,
,,,,,,,,,,,,
,,,,,,,,,,,,
,,,,,,,,,,,,
,,,,,,,,,,,,
,,,,,,,,,,,,
,,,,,,,,,,,,
,,,,,,,,,,,,
,,,,,,,,,,,,
,,,,,,,,,,,,
,,,,,,,,,,,,
,,,,,,,,,,,,
,,,,,,,,,,,,
,,,,,,,,,,,,
,,,,,,,,,,,,
,,,,,,,,,,,,
,,,,,,,,,,,,
,,,,,,,,,,,,
,,,,,,,,,,,,
,,,,,,,,,,,,
,,,,,,,,,,,,
,,,,,,,,,,,,
,,,,,,,,,,,,
,,,,,,,,,,,,
,,,,,,,,,,,,
,,,,,,,,,,,,
,,,,,,,,,,,,
,,,,,,,,,,,,
,,,,,,,,,,,,
,,,,,,,,,,,,
,,,,,,,,,,,,
,,,,,,,,,,,,
,,,,,,,,,,,,
,,,,,,,,,,,,
,,,,,,,,,,,,
,,,,,,,,,,,,
,,,,,,,,,,,,
,,,,,,,,,,,,
,,,,,,,,,,,,
,,,,,,,,,,,,
,,,,,,,,,,,,
,,,,,,,,,,,,
,,,,,,,,,,,,
,,,,,,,,,,,,
,,,,,,,,,,,,
,,,,,,,,,,,,
,,,,,,,,,,,,
,,,,,,,,,,,,
,,,,,,,,,,,,
,,,,,,,,,,,,
,,,,,,,,,,,,
,,,,,,,,,,,,
,,,,,,,,,,,,
,,,,,,,,,,,,
,,,,,,,,,,,,
,,,,,,,,,,,,
,,,,,,,,,,,,
,,,,,,,,,,,,
,,,,,,,,,,,,
,,,,,,,,,,,,
,,,,,,,,,,,,
,,,,,,,,,,,,
,,,,,,,,,,,,
,,,,,,,,,,,,
,,,,,,,,,,,,
,,,,,,,,,,,,
,,,,,,,,,,,,
,,,,,,,,,,,,
,,,,,,,,,,,,
,,,,,,,,,,,,
,,,,,,,,,,,,
,,,,,,,,,,,,
,,,,,,,,,,,,
,,,,,,,,,,,,
,,,,,,,,,,,,
,,,,,,,,,,,,
,,,,,,,,,,,,
,,,,,,,,,,,,
,,,,,,,,,,,,
,,,,,,,,,,,,
,,,,,,,,,,,,
,,,,,,,,,,,,
,,,,,,,,,,,,
,,,,,,,,,,,,
,,,,,,,,,,,,
,,,,,,,,,,,,
,,,,,,,,,,,,
,,,,,,,,,,,,
,,,,,,,,,,,,
,,,,,,,,,,,,
,,,,,,,,,,,,
,,,,,,,,,,,,
,,,,,,,,,,,,
,,,,,,,,,,,,
,,,,,,,,,,,,
,,,,,,,,,,,,
,,,,,,,,,,,,
,,,,,,,,,,,,
,,,,,,,,,,,,
,,,,,,,,,,,,
,,,,,,,,,,,,
,,,,,,,,,,,,
,,,,,,,,,,,,
,,,,,,,,,,,,
,,,,,,,,,,,,
,,,,,,,,,,,,
,,,,,,,,,,,,
,,,,,,,,,,,,
,,,,,,,,,,,,
,,,,,,,,,,,,
,,,,,,,,,,,,
,,,,,,,,,,,,
,,,,,,,,,,,,
,,,,,,,,,,,,
,,,,,,,,,,,,
,,,,,,,,,,,,
,,,,,,,,,,,,
,,,,,,,,,,,,
,,,,,,,,,,,,
,,,,,,,,,,,,
,,,,,,,,,,,,
,,,,,,,,,,,,
,,,,,,,,,,,,
,,,,,,,,,,,,
,,,,,,,,,,,,
,,,,,,,,,,,,
,,,,,,,,,,,,
,,,,,,,,,,,,
,,,,,,,,,,,,
,,,,,,,,,,,,
,,,,,,,,,,,,
,,,,,,,,,,,,
,,,,,,,,,,,,
,,,,,,,,,,,,
,,,,,,,,,,,,
,,,,,,,,,,,,
,,,,,,,,,,,,
,,,,,,,,,,,,
,,,,,,,,,,,,
,,,,,,,,,,,,
,,,,,,,,,,,,
,,,,,,,,,,,,
,,,,,,,,,,,,
,,,,,,,,,,,,
,,,,,,,,,,,,
,,,,,,,,,,,,
,,,,,,,,,,,,
,,,,,,,,,,,,
,,,,,,,,,,,,
,,,,,,,,,,,,
,,,,,,,,,,,,
,,,,,,,,,,,,
,,,,,,,,,,,,
,,,,,,,,,,,,
,,,,,,,,,,,,
,,,,,,,,,,,,
,,,,,,,,,,,,
,,,,,,,,,,,,
,,,,,,,,,,,,
,,,,,,,,,,,,
,,,,,,,,,,,,
,,,,,,,,,,,,
,,,,,,,,,,,,
,,,,,,,,,,,,
,,,,,,,,,,,,
,,,,,,,,,,,,
,,,,,,,,,,,,
,,,,,,,,,,,,
,,,,,,,,,,,,
,,,,,,,,,,,,
,,,,,,,,,,,,
,,,,,,,,,,,,
,,,,,,,,,,,,
,,,,,,,,,,,,
,,,,,,,,,,,,
,,,,,,,,,,,,
,,,,,,,,,,,,
,,,,,,,,,,,,
,,,,,,,,,,,,
,,,,,,,,,,,,
,,,,,,,,,,,,
,,,,,,,,,,,,
,,,,,,,,,,,,
,,,,,,,,,,,,
,,,,,,,,,,,,
,,,,,,,,,,,,
,,,,,,,,,,,,
,,,,,,,,,,,,
,,,,,,,,,,,,
,,,,,,,,,,,,
,,,,,,,,,,,,
,,,,,,,,,,,,
,,,,,,,,,,,,
,,,,,,,,,,,,
,,,,,,,,,,,,
,,,,,,,,,,,,
,,,,,,,,,,,,
,,,,,,,,,,,,
,,,,,,,,,,,,
,,,,,,,,,,,,
,,,,,,,,,,,,
,,,,,,,,,,,,
,,,,,,,,,,,,
,,,,,,,,,,,,
,,,,,,,,,,,,
,,,,,,,,,,,,
,,,,,,,,,,,,
,,,,,,,,,,,,
,,,,,,,,,,,,
,,,,,,,,,,,,
,,,,,,,,,,,,
,,,,,,,,,,,,
,,,,,,,,,,,,
,,,,,,,,,,,,
,,,,,,,,,,,,
,,,,,,,,,,,,
,,,,,,,,,,,,
,,,,,,,,,,,,
,,,,,,,,,,,,
,,,,,,,,,,,,
,,,,,,,,,,,,
,,,,,,,,,,,,
,,,,,,,,,,,,
,,,,,,,,,,,,
,,,,,,,,,,,,
,,,,,,,,,,,,
,,,,,,,,,,,,
,,,,,,,,,,,,
,,,,,,,,,,,,
,,,,,,,,,,,,
,,,,,,,,,,,,
,,,,,,,,,,,,
,,,,,,,,,,,,
,,,,,,,,,,,,
,,,,,,,,,,,,
,,,,,,,,,,,,
,,,,,,,,,,,,
,,,,,,,,,,,,
,,,,,,,,,,,,
,,,,,,,,,,,,
,,,,,,,,,,,,
,,,,,,,,,,,,
,,,,,,,,,,,,
,,,,,,,,,,,,
,,,,,,,,,,,,
,,,,,,,,,,,,
,,,,,,,,,,,,
,,,,,,,,,,,,
,,,,,,,,,,,,
,,,,,,,,,,,,
,,,,,,,,,,,,
,,,,,,,,,,,,
,,,,,,,,,,,,
,,,,,,,,,,,,
,,,,,,,,,,,,
,,,,,,,,,,,,
,,,,,,,,,,,,
,,,,,,,,,,,,
,,,,,,,,,,,,
,,,,,,,,,,,,
,,,,,,,,,,,,
,,,,,,,,,,,,
,,,,,,,,,,,,
,,,,,,,,,,,,
,,,,,,,,,,,,
,,,,,,,,,,,,
,,,,,,,,,,,,
,,,,,,,,,,,,
,,,,,,,,,,,,
,,,,,,,,,,,,
,,,,,,,,,,,,
,,,,,,,,,,,,
,,,,,,,,,,,,
,,,,,,,,,,,,
,,,,,,,,,,,,
,,,,,,,,,,,,
,,,,,,,,,,,,
,,,,,,,,,,,,
,,,,,,,,,,,,
,,,,,,,,,,,,
,,,,,,,,,,,,
,,,,,,,,,,,,
,,,,,,,,,,,,
,,,,,,,,,,,,
,,,,,,,,,,,,
,,,,,,,,,,,,
,,,,,,,,,,,,
,,,,,,,,,,,,
,,,,,,,,,,,,
,,,,,,,,,,,,
,,,,,,,,,,,,
,,,,,,,,,,,,
,,,,,,,,,,,,
,,,,,,,,,,,,
,,,,,,,,,,,,
,,,,,,,,,,,,
,,,,,,,,,,,,
,,,,,,,,,,,,
,,,,,,,,,,,,
,,,,,,,,,,,,
,,,,,,,,,,,,
,,,,,,,,,,,,
,,,,,,,,,,,,
,,,,,,,,,,,,
,,,,,,,,,,,,
,,,,,,,,,,,,
,,,,,,,,,,,,
,,,,,,,,,,,,
,,,,,,,,,,,,
,,,,,,,,,,,,
,,,,,,,,,,,,
,,,,,,,,,,,,
,,,,,,,,,,,,
,,,,,,,,,,,,
,,,,,,,,,,,,
,,,,,,,,,,,,
,,,,,,,,,,,,
,,,,,,,,,,,,
,,,,,,,,,,,,
,,,,,,,,,,,,
,,,,,,,,,,,,
,,,,,,,,,,,,
,,,,,,,,,,,,
,,,,,,,,,,,,
,,,,,,,,,,,,
,,,,,,,,,,,,
,,,,,,,,,,,,
,,,,,,,,,,,,
,,,,,,,,,,,,
,,,,,,,,,,,,
,,,,,,,,,,,,
,,,,,,,,,,,,
,,,,,,,,,,,,
,,,,,,,,,,,,
,,,,,,,,,,,,
,,,,,,,,,,,,
,,,,,,,,,,,,
,,,,,,,,,,,,
,,,,,,,,,,,,
,,,,,,,,,,,,
,,,,,,,,,,,,
,,,,,,,,,,,,
,,,,,,,,,,,,
,,,,,,,,,,,,
,,,,,,,,,,,,
,,,,,,,,,,,,
,,,,,,,,,,,,
,,,,,,,,,,,,
,,,,,,,,,,,,
,,,,,,,,,,,,
,,,,,,,,,,,,
,,,,,,,,,,,,
,,,,,,,,,,,,
,,,,,,,,,,,,
,,,,,,,,,,,,
,,,,,,,,,,,,
,,,,,,,,,,,,
,,,,,,,,,,,,
,,,,,,,,,,,,
,,,,,,,,,,,,
,,,,,,,,,,,,
,,,,,,,,,,,,
,,,,,,,,,,,,
,,,,,,,,,,,,
,,,,,,,,,,,,
,,,,,,,,,,,,
,,,,,,,,,,,,
,,,,,,,,,,,,
,,,,,,,,,,,,
,,,,,,,,,,,,
,,,,,,,,,,,,
,,,,,,,,,,,,
,,,,,,,,,,,,
,,,,,,,,,,,,
,,,,,,,,,,,,
,,,,,,,,,,,,
,,,,,,,,,,,,
,,,,,,,,,,,,
,,,,,,,,,,,,
,,,,,,,,,,,,
,,,,,,,,,,,,
,,,,,,,,,,,,
,,,,,,,,,,,,
,,,,,,,,,,,,
,,,,,,,,,,,,
,,,,,,,,,,,,
,,,,,,,,,,,,
,,,,,,,,,,,,
,,,,,,,,,,,,
,,,,,,,,,,,,
,,,,,,,,,,,,
,,,,,,,,,,,,
,,,,,,,,,,,,
,,,,,,,,,,,,
,,,,,,,,,,,,
,,,,,,,,,,,,
,,,,,,,,,,,,
,,,,,,,,,,,,
,,,,,,,,,,,,
,,,,,,,,,,,,
,,,,,,,,,,,,
,,,,,,,,,,,,
,,,,,,,,,,,,
,,,,,,,,,,,,
,,,,,,,,,,,,
,,,,,,,,,,,,
,,,,,,,,,,,,
,,,,,,,,,,,,
,,,,,,,,,,,,
,,,,,,,,,,,,
,,,,,,,,,,,,
,,,,,,,,,,,,
,,,,,,,,,,,,
,,,,,,,,,,,,
,,,,,,,,,,,,
,,,,,,,,,,,,
,,,,,,,,,,,,
,,,,,,,,,,,,
,,,,,,,,,,,,
,,,,,,,,,,,,
,,,,,,,,,,,,
,,,,,,,,,,,,
,,,,,,,,,,,,
,,,,,,,,,,,,
,,,,,,,,,,,,
,,,,,,,,,,,,
,,,,,,,,,,,,
,,,,,,,,,,,,
,,,,,,,,,,,,
,,,,,,,,,,,,
,,,,,,,,,,,,
,,,,,,,,,,,,
,,,,,,,,,,,,
,,,,,,,,,,,,
,,,,,,,,,,,,
,,,,,,,,,,,,
,,,,,,,,,,,,
,,,,,,,,,,,,
,,,,,,,,,,,,
,,,,,,,,,,,,
,,,,,,,,,,,,
,,,,,,,,,,,,
,,,,,,,,,,,,
,,,,,,,,,,,,
,,,,,,,,,,,,
,,,,,,,,,,,,
,,,,,,,,,,,,
,,,,,,,,,,,,
,,,,,,,,,,,,
,,,,,,,,,,,,
,,,,,,,,,,,,
,,,,,,,,,,,,
,,,,,,,,,,,,
,,,,,,,,,,,,
,,,,,,,,,,,,
,,,,,,,,,,,,
,,,,,,,,,,,,
,,,,,,,,,,,,
,,,,,,,,,,,,
,,,,,,,,,,,,
,,,,,,,,,,,,
,,,,,,,,,,,,
,,,,,,,,,,,,
,,,,,,,,,,,,
,,,,,,,,,,,,
,,,,,,,,,,,,
,,,,,,,,,,,,
,,,,,,,,,,,,
,,,,,,,,,,,,
,,,,,,,,,,,,
,,,,,,,,,,,,
,,,,,,,,,,,,
,,,,,,,,,,,,
,,,,,,,,,,,,
,,,,,,,,,,,,
,,,,,,,,,,,,
,,,,,,,,,,,,
,,,,,,,,,,,,
,,,,,,,,,,,,
,,,,,,,,,,,,
,,,,,,,,,,,,
,,,,,,,,,,,,
,,,,,,,,,,,,
,,,,,,,,,,,,
,,,,,,,,,,,,
,,,,,,,,,,,,
,,,,,,,,,,,,
,,,,,,,,,,,,
,,,,,,,,,,,,
,,,,,,,,,,,,
,,,,,,,,,,,,
,,,,,,,,,,,,
,,,,,,,,,,,,
,,,,,,,,,,,,
,,,,,,,,,,,,
,,,,,,,,,,,,
,,,,,,,,,,,,
,,,,,,,,,,,,
,,,,,,,,,,,,
,,,,,,,,,,,,
,,,,,,,,,,,,
,,,,,,,,,,,,
,,,,,,,,,,,,
,,,,,,,,,,,,
,,,,,,,,,,,,
,,,,,,,,,,,,
,,,,,,,,,,,,
,,,,,,,,,,,,
,,,,,,,,,,,,
,,,,,,,,,,,,
,,,,,,,,,,,,
,,,,,,,,,,,,
,,,,,,,,,,,,
,,,,,,,,,,,,
,,,,,,,,,,,,
,,,,,,,,,,,,
,,,,,,,,,,,,
,,,,,,,,,,,,
,,,,,,,,,,,,
,,,,,,,,,,,,
,,,,,,,,,,,,
,,,,,,,,,,,,
,,,,,,,,,,,,
,,,,,,,,,,,,
,,,,,,,,,,,,
,,,,,,,,,,,,
,,,,,,,,,,,,
,,,,,,,,,,,,
,,,,,,,,,,,,
,,,,,,,,,,,,
,,,,,,,,,,,,
,,,,,,,,,,,,
,,,,,,,,,,,,
,,,,,,,,,,,,
,,,,,,,,,,,,
,,,,,,,,,,,,
,,,,,,,,,,,,
,,,,,,,,,,,,
,,,,,,,,,,,,
,,,,,,,,,,,,
,,,,,,,,,,,,
,,,,,,,,,,,,
,,,,,,,,,,,,
,,,,,,,,,,,,
,,,,,,,,,,,,
,,,,,,,,,,,,
,,,,,,,,,,,,
,,,,,,,,,,,,
,,,,,,,,,,,,
,,,,,,,,,,,,
,,,,,,,,,,,,
,,,,,,,,,,,,
,,,,,,,,,,,,
,,,,,,,,,,,,
,,,,,,,,,,,,
,,,,,,,,,,,,
,,,,,,,,,,,,
,,,,,,,,,,,,
,,,,,,,,,,,,
,,,,,,,,,,,,
,,,,,,,,,,,,
,,,,,,,,,,,,
,,,,,,,,,,,,
,,,,,,,,,,,,
,,,,,,,,,,,,
,,,,,,,,,,,,
,,,,,,,,,,,,
,,,,,,,,,,,,
,,,,,,,,,,,,
,,,,,,,,,,,,
,,,,,,,,,,,,
,,,,,,,,,,,,
,,,,,,,,,,,,
,,,,,,,,,,,,
,,,,,,,,,,,,
,,,,,,,,,,,,
,,,,,,,,,,,,
,,,,,,,,,,,,
,,,,,,,,,,,,
,,,,,,,,,,,,
,,,,,,,,,,,,
,,,,,,,,,,,,
,,,,,,,,,,,,
,,,,,,,,,,,,
,,,,,,,,,,,,
,,,,,,,,,,,,
,,,,,,,,,,,,
,,,,,,,,,,,,
,,,,,,,,,,,,
,,,,,,,,,,,,
,,,,,,,,,,,,
,,,,,,,,,,,,
,,,,,,,,,,,,
,,,,,,,,,,,,
,,,,,,,,,,,,
,,,,,,,,,,,,
,,,,,,,,,,,,
,,,,,,,,,,,,
,,,,,,,,,,,,
,,,,,,,,,,,,
,,,,,,,,,,,,
,,,,,,,,,,,,
,,,,,,,,,,,,
,,,,,,,,,,,,
,,,,,,,,,,,,
,,,,,,,,,,,,
,,,,,,,,,,,,
,,,,,,,,,,,,
,,,,,,,,,,,,
,,,,,,,,,,,,
,,,,,,,,,,,,
,,,,,,,,,,,,
,,,,,,,,,,,,
,,,,,,,,,,,,
,,,,,,,,,,,,
,,,,,,,,,,,,
,,,,,,,,,,,,
,,,,,,,,,,,,
,,,,,,,,,,,,
,,,,,,,,,,,,
,,,,,,,,,,,,
,,,,,,,,,,,,
,,,,,,,,,,,,
,,,,,,,,,,,,
,,,,,,,,,,,,
,,,,,,,,,,,,
,,,,,,,,,,,,
,,,,,,,,,,,,
,,,,,,,,,,,,
,,,,,,,,,,,,
,,,,,,,,,,,,
,,,,,,,,,,,,
,,,,,,,,,,,,
,,,,,,,,,,,,
,,,,,,,,,,,,
,,,,,,,,,,,,
,,,,,,,,,,,,
,,,,,,,,,,,,
,,,,,,,,,,,,
,,,,,,,,,,,,
,,,,,,,,,,,,
,,,,,,,,,,,,
,,,,,,,,,,,,
,,,,,,,,,,,,
,,,,,,,,,,,,
,,,,,,,,,,,,
,,,,,,,,,,,,
,,,,,,,,,,,,
,,,,,,,,,,,,
,,,,,,,,,,,,
,,,,,,,,,,,,
,,,,,,,,,,,,
,,,,,,,,,,,,
,,,,,,,,,,,,
,,,,,,,,,,,,
,,,,,,,,,,,,
,,,,,,,,,,,,
,,,,,,,,,,,,
,,,,,,,,,,,,
,,,,,,,,,,,,
,,,,,,,,,,,,
,,,,,,,,,,,,
,,,,,,,,,,,,
,,,,,,,,,,,,
,,,,,,,,,,,,
,,,,,,,,,,,,
,,,,,,,,,,,,
,,,,,,,,,,,,
,,,,,,,,,,,,
,,,,,,,,,,,,
,,,,,,,,,,,,
,,,,,,,,,,,,
,,,,,,,,,,,,
,,,,,,,,,,,,
,,,,,,,,,,,,
,,,,,,,,,,,,
,,,,,,,,,,,,
,,,,,,,,,,,,
,,,,,,,,,,,,
,,,,,,,,,,,,
,,,,,,,,,,,,
,,,,,,,,,,,,
,,,,,,,,,,,,
,,,,,,,,,,,,
,,,,,,,,,,,,
,,,,,,,,,,,,
,,,,,,,,,,,,
,,,,,,,,,,,,
,,,,,,,,,,,,
,,,,,,,,,,,,
,,,,,,,,,,,,
,,,,,,,,,,,,
,,,,,,,,,,,,
,,,,,,,,,,,,
,,,,,,,,,,,,
,,,,,,,,,,,,
,,,,,,,,,,,,
,,,,,,,,,,,,
,,,,,,,,,,,,
,,,,,,,,,,,,
,,,,,,,,,,,,
,,,,,,,,,,,,
,,,,,,,,,,,,
,,,,,,,,,,,,
,,,,,,,,,,,,
,,,,,,,,,,,,
,,,,,,,,,,,,
,,,,,,,,,,,,
,,,,,,,,,,,,
,,,,,,,,,,,,
,,,,,,,,,,,,
,,,,,,,,,,,,
,,,,,,,,,,,,
,,,,,,,,,,,,
,,,,,,,,,,,,
,,,,,,,,,,,,
,,,,,,,,,,,,
,,,,,,,,,,,,
,,,,,,,,,,,,
,,,,,,,,,,,,
,,,,,,,,,,,,
,,,,,,,,,,,,
,,,,,,,,,,,,
,,,,,,,,,,,,
,,,,,,,,,,,,
,,,,,,,,,,,,
,,,,,,,,,,,,
,,,,,,,,,,,,
,,,,,,,,,,,,
,,,,,,,,,,,,
,,,,,,,,,,,,
,,,,,,,,,,,,
,,,,,,,,,,,,
,,,,,,,,,,,,
,,,,,,,,,,,,
,,,,,,,,,,,,
,,,,,,,,,,,,
,,,,,,,,,,,,
,,,,,,,,,,,,
,,,,,,,,,,,,
,,,,,,,,,,,,
,,,,,,,,,,,,
,,,,,,,,,,,,
,,,,,,,,,,,,
,,,,,,,,,,,,
,,,,,,,,,,,,
,,,,,,,,,,,,
,,,,,,,,,,,,
,,,,,,,,,,,,
,,,,,,,,,,,,
,,,,,,,,,,,,
,,,,,,,,,,,,
,,,,,,,,,,,,
,,,,,,,,,,,,
,,,,,,,,,,,,
,,,,,,,,,,,,
,,,,,,,,,,,,
,,,,,,,,,,,,
,,,,,,,,,,,,
,,,,,,,,,,,,
,,,,,,,,,,,,
,,,,,,,,,,,,
,,,,,,,,,,,,
,,,,,,,,,,,,
,,,,,,,,,,,,
,,,,,,,,,,,,
,,,,,,,,,,,,
,,,,,,,,,,,,
,,,,,,,,,,,,
,,,,,,,,,,,,
,,,,,,,,,,,,
,,,,,,,,,,,,
,,,,,,,,,,,,
,,,,,,,,,,,,
,,,,,,,,,,,,
,,,,,,,,,,,,
,,,,,,,,,,,,
,,,,,,,,,,,,
,,,,,,,,,,,,
,,,,,,,,,,,,
,,,,,,,,,,,,
,,,,,,,,,,,,
,,,,,,,,,,,,
,,,,,,,,,,,,
,,,,,,,,,,,,
,,,,,,,,,,,,
,,,,,,,,,,,,
,,,,,,,,,,,,
,,,,,,,,,,,,
,,,,,,,,,,,,
,,,,,,,,,,,,
,,,,,,,,,,,,
,,,,,,,,,,,,
,,,,,,,,,,,,
,,,,,,,,,,,,
,,,,,,,,,,,,
,,,,,,,,,,,,
,,,,,,,,,,,,
,,,,,,,,,,,,
,,,,,,,,,,,,
,,,,,,,,,,,,
,,,,,,,,,,,,
,,,,,,,,,,,,
,,,,,,,,,,,,
,,,,,,,,,,,,
,,,,,,,,,,,,
,,,,,,,,,,,,
,,,,,,,,,,,,
,,,,,,,,,,,,
,,,,,,,,,,,,
,,,,,,,,,,,,
,,,,,,,,,,,,
,,,,,,,,,,,,
,,,,,,,,,,,,
,,,,,,,,,,,,
,,,,,,,,,,,,
,,,,,,,,,,,,
,,,,,,,,,,,,
,,,,,,,,,,,,
,,,,,,,,,,,,
,,,,,,,,,,,,
,,,,,,,,,,,,
,,,,,,,,,,,,
,,,,,,,,,,,,
,,,,,,,,,,,,
,,,,,,,,,,,,
,,,,,,,,,,,,
,,,,,,,,,,,,
,,,,,,,,,,,,
,,,,,,,,,,,,
,,,,,,,,,,,,
,,,,,,,,,,,,
,,,,,,,,,,,,
,,,,,,,,,,,,
,,,,,,,,,,,,
,,,,,,,,,,,,
,,,,,,,,,,,,
,,,,,,,,,,,,
,,,,,,,,,,,,
,,,,,,,,,,,,
,,,,,,,,,,,,
,,,,,,,,,,,,
,,,,,,,,,,,,
,,,,,,,,,,,,
,,,,,,,,,,,,
,,,,,,,,,,,,
,,,,,,,,,,,,
,,,,,,,,,,,,
,,,,,,,,,,,,
,,,,,,,,,,,,
,,,,,,,,,,,,
,,,,,,,,,,,,
,,,,,,,,,,,,
,,,,,,,,,,,,
,,,,,,,,,,,,
,,,,,,,,,,,,
,,,,,,,,,,,,
,,,,,,,,,,,,
,,,,,,,,,,,,
,,,,,,,,,,,,
,,,,,,,,,,,,
,,,,,,,,,,,,
,,,,,,,,,,,,
,,,,,,,,,,,,
,,,,,,,,,,,,
,,,,,,,,,,,,
,,,,,,,,,,,,
,,,,,,,,,,,,
,,,,,,,,,,,,
,,,,,,,,,,,,
,,,,,,,,,,,,
,,,,,,,,,,,,
,,,,,,,,,,,,
,,,,,,,,,,,,
,,,,,,,,,,,,
,,,,,,,,,,,,
,,,,,,,,,,,,
,,,,,,,,,,,,
,,,,,,,,,,,,
,,,,,,,,,,,,
,,,,,,,,,,,,
,,,,,,,,,,,,
,,,,,,,,,,,,
,,,,,,,,,,,,
,,,,,,,,,,,,
,,,,,,,,,,,,
,,,,,,,,,,,,
,,,,,,,,,,,,
,,,,,,,,,,,,
,,,,,,,,,,,,
,,,,,,,,,,,,
,,,,,,,,,,,,
,,,,,,,,,,,,
,,,,,,,,,,,,
,,,,,,,,,,,,
,,,,,,,,,,,,
,,,,,,,,,,,,
,,,,,,,,,,,,
,,,,,,,,,,,,
,,,,,,,,,,,,
,,,,,,,,,,,,
,,,,,,,,,,,,
,,,,,,,,,,,,
,,,,,,,,,,,,
,,,,,,,,,,,,
,,,,,,,,,,,,
,,,,,,,,,,,,
,,,,,,,,,,,,
,,,,,,,,,,,,
,,,,,,,,,,,,
,,,,,,,,,,,,
,,,,,,,,,,,,
,,,,,,,,,,,,
,,,,,,,,,,,,
,,,,,,,,,,,,
,,,,,,,,,,,,
,,,,,,,,,,,,
,,,,,,,,,,,,
,,,,,,,,,,,,
,,,,,,,,,,,,
,,,,,,,,,,,,
,,,,,,,,,,,,
,,,,,,,,,,,,
,,,,,,,,,,,,
,,,,,,,,,,,,
,,,,,,,,,,,,
,,,,,,,,,,,,
,,,,,,,,,,,,
,,,,,,,,,,,,
,,,,,,,,,,,,
,,,,,,,,,,,,
,,,,,,,,,,,,
,,,,,,,,,,,,
,,,,,,,,,,,,
,,,,,,,,,,,,
,,,,,,,,,,,,
,,,,,,,,,,,,
,,,,,,,,,,,,
,,,,,,,,,,,,
,,,,,,,,,,,,
,,,,,,,,,,,,
,,,,,,,,,,,,
,,,,,,,,,,,,
,,,,,,,,,,,,
,,,,,,,,,,,,
,,,,,,,,,,,,
,,,,,,,,,,,,
,,,,,,,,,,,,
,,,,,,,,,,,,
,,,,,,,,,,,,
,,,,,,,,,,,,
,,,,,,,,,,,,
,,,,,,,,,,,,
,,,,,,,,,,,,
,,,,,,,,,,,,
,,,,,,,,,,,,
,,,,,,,,,,,,
,,,,,,,,,,,,
,,,,,,,,,,,,
,,,,,,,,,,,,
,,,,,,,,,,,,
,,,,,,,,,,,,
,,,,,,,,,,,,
,,,,,,,,,,,,
,,,,,,,,,,,,
,,,,,,,,,,,,
,,,,,,,,,,,,
,,,,,,,,,,,,
,,,,,,,,,,,,
,,,,,,,,,,,,
,,,,,,,,,,,,
,,,,,,,,,,,,
,,,,,,,,,,,,
,,,,,,,,,,,,
,,,,,,,,,,,,
,,,,,,,,,,,,
,,,,,,,,,,,,
,,,,,,,,,,,,
,,,,,,,,,,,,
,,,,,,,,,,,,
,,,,,,,,,,,,
,,,,,,,,,,,,
,,,,,,,,,,,,
,,,,,,,,,,,,
,,,,,,,,,,,,
,,,,,,,,,,,,
,,,,,,,,,,,,
,,,,,,,,,,,,
,,,,,,,,,,,,
,,,,,,,,,,,,
,,,,,,,,,,,,
,,,,,,,,,,,,
,,,,,,,,,,,,
,,,,,,,,,,,,
,,,,,,,,,,,,
,,,,,,,,,,,,
,,,,,,,,,,,,
,,,,,,,,,,,,
,,,,,,,,,,,,
,,,,,,,,,,,,
,,,,,,,,,,,,
,,,,,,,,,,,,
,,,,,,,,,,,,
,,,,,,,,,,,,
,,,,,,,,,,,,
,,,,,,,,,,,,
,,,,,,,,,,,,
,,,,,,,,,,,,
,,,,,,,,,,,,
,,,,,,,,,,,,
,,,,,,,,,,,,
,,,,,,,,,,,,
,,,,,,,,,,,,
,,,,,,,,,,,,
,,,,,,,,,,,,
,,,,,,,,,,,,
,,,,,,,,,,,,
,,,,,,,,,,,,
,,,,,,,,,,,,
,,,,,,,,,,,,
,,,,,,,,,,,,
,,,,,,,,,,,,
,,,,,,,,,,,,
,,,,,,,,,,,,
,,,,,,,,,,,,
,,,,,,,,,,,,
,,,,,,,,,,,,
,,,,,,,,,,,,
,,,,,,,,,,,,
,,,,,,,,,,,,
,,,,,,,,,,,,
,,,,,,,,,,,,
,,,,,,,,,,,,
,,,,,,,,,,,,
,,,,,,,,,,,,
,,,,,,,,,,,,
,,,,,,,,,,,,
,,,,,,,,,,,,
,,,,,,,,,,,,
,,,,,,,,,,,,
,,,,,,,,,,,,
,,,,,,,,,,,,
,,,,,,,,,,,,
,,,,,,,,,,,,
,,,,,,,,,,,,
,,,,,,,,,,,,
,,,,,,,,,,,,
,,,,,,,,,,,,
,,,,,,,,,,,,
,,,,,,,,,,,,
,,,,,,,,,,,,
,,,,,,,,,,,,
,,,,,,,,,,,,
,,,,,,,,,,,,
,,,,,,,,,,,,
,,,,,,,,,,,,
,,,,,,,,,,,,
,,,,,,,,,,,,
,,,,,,,,,,,,
,,,,,,,,,,,,
,,,,,,,,,,,,
,,,,,,,,,,,,
,,,,,,,,,,,,
,,,,,,,,,,,,
,,,,,,,,,,,,
,,,,,,,,,,,,
,,,,,,,,,,,,
,,,,,,,,,,,,
,,,,,,,,,,,,
,,,,,,,,,,,,
,,,,,,,,,,,,
,,,,,,,,,,,,
,,,,,,,,,,,,
,,,,,,,,,,,,
,,,,,,,,,,,,
,,,,,,,,,,,,
,,,,,,,,,,,,
,,,,,,,,,,,,
,,,,,,,,,,,,
,,,,,,,,,,,,
,,,,,,,,,,,,
,,,,,,,,,,,,
,,,,,,,,,,,,
,,,,,,,,,,,,
,,,,,,,,,,,,
,,,,,,,,,,,,
,,,,,,,,,,,,
,,,,,,,,,,,,
,,,,,,,,,,,,
,,,,,,,,,,,,
,,,,,,,,,,,,
,,,,,,,,,,,,
,,,,,,,,,,,,
,,,,,,,,,,,,
,,,,,,,,,,,,
,,,,,,,,,,,,
,,,,,,,,,,,,
,,,,,,,,,,,,
,,,,,,,,,,,,
,,,,,,,,,,,,
,,,,,,,,,,,,
,,,,,,,,,,,,
,,,,,,,,,,,,
,,,,,,,,,,,,
,,,,,,,,,,,,
,,,,,,,,,,,,
,,,,,,,,,,,,
,,,,,,,,,,,,
,,,,,,,,,,,,
,,,,,,,,,,,,
,,,,,,,,,,,,
,,,,,,,,,,,,
,,,,,,,,,,,,
,,,,,,,,,,,,
,,,,,,,,,,,,
,,,,,,,,,,,,
,,,,,,,,,,,,
,,,,,,,,,,,,
,,,,,,,,,,,,
,,,,,,,,,,,,
,,,,,,,,,,,,
,,,,,,,,,,,,
,,,,,,,,,,,,
,,,,,,,,,,,,
,,,,,,,,,,,,
,,,,,,,,,,,,
,,,,,,,,,,,,
,,,,,,,,,,,,
,,,,,,,,,,,,
,,,,,,,,,,,,
,,,,,,,,,,,,
,,,,,,,,,,,,
,,,,,,,,,,,,
,,,,,,,,,,,,
,,,,,,,,,,,,
,,,,,,,,,,,,
,,,,,,,,,,,,
,,,,,,,,,,,,
,,,,,,,,,,,,
,,,,,,,,,,,,
,,,,,,,,,,,,
,,,,,,,,,,,,
,,,,,,,,,,,,
,,,,,,,,,,,,
,,,,,,,,,,,,
,,,,,,,,,,,,
,,,,,,,,,,,,
,,,,,,,,,,,,
,,,,,,,,,,,,
,,,,,,,,,,,,
,,,,,,,,,,,,
,,,,,,,,,,,,
,,,,,,,,,,,,
,,,,,,,,,,,,
,,,,,,,,,,,,
,,,,,,,,,,,,
,,,,,,,,,,,,
,,,,,,,,,,,,
,,,,,,,,,,,,
,,,,,,,,,,,,
,,,,,,,,,,,,
,,,,,,,,,,,,
,,,,,,,,,,,,
,,,,,,,,,,,,
,,,,,,,,,,,,
,,,,,,,,,,,,
,,,,,,,,,,,,
,,,,,,,,,,,,
,,,,,,,,,,,,
,,,,,,,,,,,,
,,,,,,,,,,,,
,,,,,,,,,,,,
,,,,,,,,,,,,
,,,,,,,,,,,,
,,,,,,,,,,,,
,,,,,,,,,,,,
,,,,,,,,,,,,
,,,,,,,,,,,,
,,,,,,,,,,,,
,,,,,,,,,,,,
,,,,,,,,,,,,
,,,,,,,,,,,,
,,,,,,,,,,,,
,,,,,,,,,,,,
,,,,,,,,,,,,
,,,,,,,,,,,,
,,,,,,,,,,,,
,,,,,,,,,,,,
,,,,,,,,,,,,
,,,,,,,,,,,,
,,,,,,,,,,,,
,,,,,,,,,,,,
,,,,,,,,,,,,
,,,,,,,,,,,,
,,,,,,,,,,,,
,,,,,,,,,,,,
,,,,,,,,,,,,
,,,,,,,,,,,,
,,,,,,,,,,,,
,,,,,,,,,,,,
,,,,,,,,,,,,
,,,,,,,,,,,,
,,,,,,,,,,,,
,,,,,,,,,,,,
,,,,,,,,,,,,
,,,,,,,,,,,,
,,,,,,,,,,,,
,,,,,,,,,,,,
,,,,,,,,,,,,
,,,,,,,,,,,,
,,,,,,,,,,,,
,,,,,,,,,,,,
,,,,,,,,,,,,
,,,,,,,,,,,,
,,,,,,,,,,,,
,,,,,,,,,,,,
,,,,,,,,,,,,
,,,,,,,,,,,,
,,,,,,,,,,,,
,,,,,,,,,,,,
,,,,,,,,,,,,
,,,,,,,,,,,,
,,,,,,,,,,,,
,,,,,,,,,,,,
,,,,,,,,,,,,
,,,,,,,,,,,,
,,,,,,,,,,,,
,,,,,,,,,,,,
,,,,,,,,,,,,
,,,,,,,,,,,,
,,,,,,,,,,,,
,,,,,,,,,,,,
,,,,,,,,,,,,
,,,,,,,,,,,,
,,,,,,,,,,,,
,,,,,,,,,,,,
,,,,,,,,,,,,
,,,,,,,,,,,,
,,,,,,,,,,,,
,,,,,,,,,,,,
,,,,,,,,,,,,
,,,,,,,,,,,,
,,,,,,,,,,,,
,,,,,,,,,,,,
,,,,,,,,,,,,
,,,,,,,,,,,,
,,,,,,,,,,,,
,,,,,,,,,,,,
,,,,,,,,,,,,
,,,,,,,,,,,,
,,,,,,,,,,,,
,,,,,,,,,,,,
,,,,,,,,,,,,
,,,,,,,,,,,,
,,,,,,,,,,,,
,,,,,,,,,,,,
,,,,,,,,,,,,
,,,,,,,,,,,,
,,,,,,,,,,,,
,,,,,,,,,,,,
,,,,,,,,,,,,
,,,,,,,,,,,,
,,,,,,,,,,,,
,,,,,,,,,,,,
,,,,,,,,,,,,
,,,,,,,,,,,,
,,,,,,,,,,,,
,,,,,,,,,,,,
,,,,,,,,,,,,
,,,,,,,,,,,,
,,,,,,,,,,,,
,,,,,,,,,,,,
,,,,,,,,,,,,
,,,,,,,,,,,,
,,,,,,,,,,,,
,,,,,,,,,,,,
,,,,,,,,,,,,
,,,,,,,,,,,,
,,,,,,,,,,,,
,,,,,,,,,,,,
,,,,,,,,,,,,
,,,,,,,,,,,,
,,,,,,,,,,,,
,,,,,,,,,,,,
,,,,,,,,,,,,
,,,,,,,,,,,,
,,,,,,,,,,,,
,,,,,,,,,,,,
,,,,,,,,,,,,
,,,,,,,,,,,,
,,,,,,,,,,,,
,,,,,,,,,,,,
,,,,,,,,,,,,
,,,,,,,,,,,,
,,,,,,,,,,,,
,,,,,,,,,,,,
,,,,,,,,,,,,
,,,,,,,,,,,,
,,,,,,,,,,,,
,,,,,,,,,,,,
,,,,,,,,,,,,
,,,,,,,,,,,,
,,,,,,,,,,,,
,,,,,,,,,,,,
,,,,,,,,,,,,
,,,,,,,,,,,,
,,,,,,,,,,,,
,,,,,,,,,,,,
,,,,,,,,,,,,
,,,,,,,,,,,,
,,,,,,,,,,,,
,,,,,,,,,,,,
,,,,,,,,,,,,
,,,,,,,,,,,,
,,,,,,,,,,,,
,,,,,,,,,,,,
,,,,,,,,,,,,
,,,,,,,,,,,,
,,,,,,,,,,,,
,,,,,,,,,,,,
,,,,,,,,,,,,
,,,,,,,,,,,,
,,,,,,,,,,,,
,,,,,,,,,,,,
,,,,,,,,,,,,
,,,,,,,,,,,,
,,,,,,,,,,,,
,,,,,,,,,,,,
,,,,,,,,,,,,
,,,,,,,,,,,,
,,,,,,,,,,,,
,,,,,,,,,,,,
,,,,,,,,,,,,
,,,,,,,,,,,,
,,,,,,,,,,,,
,,,,,,,,,,,,
,,,,,,,,,,,,
,,,,,,,,,,,,
,,,,,,,,,,,,
,,,,,,,,,,,,
,,,,,,,,,,,,
,,,,,,,,,,,,
,,,,,,,,,,,,
,,,,,,,,,,,,
,,,,,,,,,,,,
,,,,,,,,,,,,
,,,,,,,,,,,,
,,,,,,,,,,,,
,,,,,,,,,,,,
,,,,,,,,,,,,
,,,,,,,,,,,,
,,,,,,,,,,,,
,,,,,,,,,,,,
,,,,,,,,,,,,
,,,,,,,,,,,,
,,,,,,,,,,,,
,,,,,,,,,,,,
,,,,,,,,,,,,
,,,,,,,,,,,,
,,,,,,,,,,,,
,,,,,,,,,,,,
,,,,,,,,,,,,
,,,,,,,,,,,,
,,,,,,,,,,,,
,,,,,,,,,,,,
,,,,,,,,,,,,
,,,,,,,,,,,,
,,,,,,,,,,,,
,,,,,,,,,,,,
,,,,,,,,,,,,
,,,,,,,,,,,,
,,,,,,,,,,,,
,,,,,,,,,,,,
,,,,,,,,,,,,
,,,,,,,,,,,,
,,,,,,,,,,,,
,,,,,,,,,,,,
,,,,,,,,,,,,
,,,,,,,,,,,,
,,,,,,,,,,,,
,,,,,,,,,,,,
,,,,,,,,,,,,
,,,,,,,,,,,,
,,,,,,,,,,,,
,,,,,,,,,,,,
,,,,,,,,,,,,
,,,,,,,,,,,,
,,,,,,,,,,,,
,,,,,,,,,,,,
,,,,,,,,,,,,
,,,,,,,,,,,,
,,,,,,,,,,,,
,,,,,,,,,,,,
,,,,,,,,,,,,
,,,,,,,,,,,,
,,,,,,,,,,,,
,,,,,,,,,,,,
,,,,,,,,,,,,
,,,,,,,,,,,,
,,,,,,,,,,,,
,,,,,,,,,,,,
,,,,,,,,,,,,
,,,,,,,,,,,,
,,,,,,,,,,,,
,,,,,,,,,,,,
,,,,,,,,,,,,
,,,,,,,,,,,,
,,,,,,,,,,,,
,,,,,,,,,,,,
,,,,,,,,,,,,
,,,,,,,,,,,,
,,,,,,,,,,,,
,,,,,,,,,,,,
,,,,,,,,,,,,
,,,,,,,,,,,,
,,,,,,,,,,,,
,,,,,,,,,,,,
,,,,,,,,,,,,
,,,,,,,,,,,,
,,,,,,,,,,,,
,,,,,,,,,,,,
,,,,,,,,,,,,
,,,,,,,,,,,,
,,,,,,,,,,,,
,,,,,,,,,,,,
,,,,,,,,,,,,
,,,,,,,,,,,,
,,,,,,,,,,,,
,,,,,,,,,,,,
,,,,,,,,,,,,
,,,,,,,,,,,,
,,,,,,,,,,,,
,,,,,,,,,,,,
,,,,,,,,,,,,
,,,,,,,,,,,,
,,,,,,,,,,,,
,,,,,,,,,,,,
,,,,,,,,,,,,
,,,,,,,,,,,,
,,,,,,,,,,,,
,,,,,,,,,,,,
,,,,,,,,,,,,
,,,,,,,,,,,,
,,,,,,,,,,,,
,,,,,,,,,,,,
,,,,,,,,,,,,
,,,,,,,,,,,,
,,,,,,,,,,,,
,,,,,,,,,,,,
,,,,,,,,,,,,
,,,,,,,,,,,,
,,,,,,,,,,,,
,,,,,,,,,,,,
,,,,,,,,,,,,
,,,,,,,,,,,,
,,,,,,,,,,,,
,,,,,,,,,,,,
,,,,,,,,,,,,
,,,,,,,,,,,,
,,,,,,,,,,,,
,,,,,,,,,,,,
,,,,,,,,,,,,
,,,,,,,,,,,,
,,,,,,,,,,,,
,,,,,,,,,,,,
,,,,,,,,,,,,
,,,,,,,,,,,,
,,,,,,,,,,,,
,,,,,,,,,,,,
,,,,,,,,,,,,
,,,,,,,,,,,,
,,,,,,,,,,,,
,,,,,,,,,,,,
,,,,,,,,,,,,
,,,,,,,,,,,,
,,,,,,,,,,,,
,,,,,,,,,,,,
,,,,,,,,,,,,
,,,,,,,,,,,,
,,,,,,,,,,,,
,,,,,,,,,,,,
,,,,,,,,,,,,
,,,,,,,,,,,,
,,,,,,,,,,,,
,,,,,,,,,,,,
,,,,,,,,,,,,
,,,,,,,,,,,,
,,,,,,,,,,,,
,,,,,,,,,,,,
,,,,,,,,,,,,
,,,,,,,,,,,,
,,,,,,,,,,,,
,,,,,,,,,,,,
,,,,,,,,,,,,
,,,,,,,,,,,,
,,,,,,,,,,,,
,,,,,,,,,,,,
,,,,,,,,,,,,
,,,,,,,,,,,,
,,,,,,,,,,,,
,,,,,,,,,,,,
,,,,,,,,,,,,
,,,,,,,,,,,,
,,,,,,,,,,,,
,,,,,,,,,,,,
,,,,,,,,,,,,
,,,,,,,,,,,,
,,,,,,,,,,,,
,,,,,,,,,,,,
,,,,,,,,,,,,
,,,,,,,,,,,,
,,,,,,,,,,,,
,,,,,,,,,,,,
,,,,,,,,,,,,
,,,,,,,,,,,,
,,,,,,,,,,,,
,,,,,,,,,,,,
,,,,,,,,,,,,
,,,,,,,,,,,,
,,,,,,,,,,,,
,,,,,,,,,,,,
,,,,,,,,,,,,
,,,,,,,,,,,,
,,,,,,,,,,,,
,,,,,,,,,,,,
,,,,,,,,,,,,
,,,,,,,,,,,,
,,,,,,,,,,,,
,,,,,,,,,,,,
,,,,,,,,,,,,
,,,,,,,,,,,,
,,,,,,,,,,,,
,,,,,,,,,,,,
,,,,,,,,,,,,
,,,,,,,,,,,,
,,,,,,,,,,,,
,,,,,,,,,,,,
,,,,,,,,,,,,
,,,,,,,,,,,,
,,,,,,,,,,,,
,,,,,,,,,,,,
,,,,,,,,,,,,
,,,,,,,,,,,,
,,,,,,,,,,,,
,,,,,,,,,,,,
,,,,,,,,,,,,
,,,,,,,,,,,,
,,,,,,,,,,,,
,,,,,,,,,,,,
,,,,,,,,,,,,
,,,,,,,,,,,,
,,,,,,,,,,,,
,,,,,,,,,,,,
,,,,,,,,,,,,
,,,,,,,,,,,,
,,,,,,,,,,,,
,,,,,,,,,,,,
,,,,,,,,,,,,
,,,,,,,,,,,,
,,,,,,,,,,,,
,,,,,,,,,,,,
,,,,,,,,,,,,
,,,,,,,,,,,,
,,,,,,,,,,,,
,,,,,,,,,,,,
,,,,,,,,,,,,
,,,,,,,,,,,,
,,,,,,,,,,,,
,,,,,,,,,,,,
,,,,,,,,,,,,
,,,,,,,,,,,,
,,,,,,,,,,,,
,,,,,,,,,,,,
,,,,,,,,,,,,
,,,,,,,,,,,,
,,,,,,,,,,,,
,,,,,,,,,,,,
,,,,,,,,,,,,
,,,,,,,,,,,,
,,,,,,,,,,,,
,,,,,,,,,,,,
,,,,,,,,,,,,
,,,,,,,,,,,,
,,,,,,,,,,,,
,,,,,,,,,,,,
,,,,,,,,,,,,
,,,,,,,,,,,,
,,,,,,,,,,,,
,,,,,,,,,,,,
,,,,,,,,,,,,
,,,,,,,,,,,,
,,,,,,,,,,,,
,,,,,,,,,,,,
,,,,,,,,,,,,
,,,,,,,,,,,,
,,,,,,,,,,,,
,,,,,,,,,,,,
,,,,,,,,,,,,
,,,,,,,,,,,,
,,,,,,,,,,,,
,,,,,,,,,,,,
,,,,,,,,,,,,
,,,,,,,,,,,,
,,,,,,,,,,,,
,,,,,,,,,,,,
,,,,,,,,,,,,
,,,,,,,,,,,,
,,,,,,,,,,,,
,,,,,,,,,,,,
,,,,,,,,,,,,
,,,,,,,,,,,,
,,,,,,,,,,,,
,,,,,,,,,,,,
,,,,,,,,,,,,
,,,,,,,,,,,,
,,,,,,,,,,,,
,,,,,,,,,,,,
,,,,,,,,,,,,
,,,,,,,,,,,,
,,,,,,,,,,,,
,,,,,,,,,,,,
,,,,,,,,,,,,
,,,,,,,,,,,,
,,,,,,,,,,,,
,,,,,,,,,,,,
,,,,,,,,,,,,
,,,,,,,,,,,,
,,,,,,,,,,,,
,,,,,,,,,,,,
,,,,,,,,,,,,
,,,,,,,,,,,,
,,,,,,,,,,,,
,,,,,,,,,,,,
,,,,,,,,,,,,
,,,,,,,,,,,,
,,,,,,,,,,,,
,,,,,,,,,,,,
,,,,,,,,,,,,
,,,,,,,,,,,,
,,,,,,,,,,,,
,,,,,,,,,,,,
,,,,,,,,,,,,
,,,,,,,,,,,,
,,,,,,,,,,,,
,,,,,,,,,,,,
,,,,,,,,,,,,
,,,,,,,,,,,,
,,,,,,,,,,,,
,,,,,,,,,,,,
,,,,,,,,,,,,
,,,,,,,,,,,,
,,,,,,,,,,,,
,,,,,,,,,,,,
,,,,,,,,,,,,
,,,,,,,,,,,,
,,,,,,,,,,,,
,,,,,,,,,,,,
,,,,,,,,,,,,
,,,,,,,,,,,,
,,,,,,,,,,,,
,,,,,,,,,,,,
,,,,,,,,,,,,
,,,,,,,,,,,,
,,,,,,,,,,,,
,,,,,,,,,,,,
,,,,,,,,,,,,
,,,,,,,,,,,,
,,,,,,,,,,,,
,,,,,,,,,,,,
,,,,,,,,,,,,
,,,,,,,,,,,,
,,,,,,,,,,,,
,,,,,,,,,,,,
,,,,,,,,,,,,
,,,,,,,,,,,,
,,,,,,,,,,,,
,,,,,,,,,,,,
,,,,,,,,,,,,
,,,,,,,,,,,,
,,,,,,,,,,,,
,,,,,,,,,,,,
,,,,,,,,,,,,
,,,,,,,,,,,,
,,,,,,,,,,,,
,,,,,,,,,,,,
,,,,,,,,,,,,
,,,,,,,,,,,,
,,,,,,,,,,,,
,,,,,,,,,,,,
,,,,,,,,,,,,
,,,,,,,,,,,,
,,,,,,,,,,,,
,,,,,,,,,,,,
,,,,,,,,,,,,
,,,,,,,,,,,,
,,,,,,,,,,,,
,,,,,,,,,,,,
,,,,,,,,,,,,
,,,,,,,,,,,,
,,,,,,,,,,,,
,,,,,,,,,,,,
,,,,,,,,,,,,
,,,,,,,,,,,,
,,,,,,,,,,,,
,,,,,,,,,,,,
,,,,,,,,,,,,
,,,,,,,,,,,,
,,,,,,,,,,,,
,,,,,,,,,,,,
,,,,,,,,,,,,
,,,,,,,,,,,,
,,,,,,,,,,,,
,,,,,,,,,,,,
,,,,,,,,,,,,
,,,,,,,,,,,,
,,,,,,,,,,,,
,,,,,,,,,,,,
,,,,,,,,,,,,
,,,,,,,,,,,,
,,,,,,,,,,,,
,,,,,,,,,,,,
,,,,,,,,,,,,
,,,,,,,,,,,,
,,,,,,,,,,,,
,,,,,,,,,,,,
,,,,,,,,,,,,
,,,,,,,,,,,,
,,,,,,,,,,,,
,,,,,,,,,,,,
,,,,,,,,,,,,
,,,,,,,,,,,,
,,,,,,,,,,,,
,,,,,,,,,,,,
,,,,,,,,,,,,
,,,,,,,,,,,,
,,,,,,,,,,,,
,,,,,,,,,,,,
,,,,,,,,,,,,
,,,,,,,,,,,,
,,,,,,,,,,,,
,,,,,,,,,,,,
,,,,,,,,,,,,
,,,,,,,,,,,,
,,,,,,,,,,,,
,,,,,,,,,,,,
,,,,,,,,,,,,
,,,,,,,,,,,,
,,,,,,,,,,,,
,,,,,,,,,,,,
,,,,,,,,,,,,
,,,,,,,,,,,,
,,,,,,,,,,,,
,,,,,,,,,,,,
,,,,,,,,,,,,
,,,,,,,,,,,,
,,,,,,,,,,,,
,,,,,,,,,,,,
,,,,,,,,,,,,
,,,,,,,,,,,,
,,,,,,,,,,,,
,,,,,,,,,,,,
,,,,,,,,,,,,
,,,,,,,,,,,,
,,,,,,,,,,,,
,,,,,,,,,,,,
,,,,,,,,,,,,
,,,,,,,,,,,,
,,,,,,,,,,,,
,,,,,,,,,,,,
,,,,,,,,,,,,
,,,,,,,,,,,,
,,,,,,,,,,,,
,,,,,,,,,,,,
,,,,,,,,,,,,
,,,,,,,,,,,,
,,,,,,,,,,,,
,,,,,,,,,,,,
