67,61.4,12.3,24.6,0.0,12.3,42.1,0.0,22.8,1.8,100.0
119,74.2,13.4,13.4,0.0,40.2,24.7,0.0,42.3,18.6,92.8
208,64.4,12.2,11.1,0.0,30.0,18.9,1.1,35.6,8.9,92.2
236,37.4,13.1,4.9,0.0,17.8,5.1,0.0,5.1,0.0,82.0
298,63.0,0.0,0.0,0.0,60.0,0.0,0.0,0.0,0.0,93.3
300,0.0,0.0,0.0,0.0,0.0,0.0,0.0,0.0,0.0,72.7
302,63.0,0.0,0.0,0.0,41.7,0.0,0.0,0.0,0.0,91.7
303,63.0,0.0,0.0,0.0,53.1,0.0,0.0,21.9,3.1,59.4
315,74.8,19.8,16.2,0.0,32.4,18.0,0.0,36.9,2.7,98.2
338,85.7,9.5,19.0,0.0,61.9,28.6,4.8,0.0,0.0,100.0
363,7.3,0.0,0.0,0.0,7.3,0.0,0.0,0.0,0.0,0.0
364,73.8,23.8,28.8,0.0,28.8,35.0,0.0,37.5,0.0,98.8
417,63.0,4.8,0.0,0.0,15.7,0.0,0.0,3.6,1.2,59.0
450,84.1,4.5,34.1,0.0,47.7,36.4,2.3,31.8,4.5,93.2
463,72.0,12.9,15.1,2.7,49.8,23.1,0.0,39.1,5.3,85.8
513,90.0,0.0,0.0,0.0,90.0,0.0,0.0,10.0,0.0,90.0
520,24.1,9.3,3.7,0.0,0.0,14.8,0.0,0.0,0.0,96.3
557,63.0,0.0,0.0,0.0,16.7,0.0,0.0,0.0,0.0,75.0
558,63.0,27.3,9.1,0.0,0.0,22.7,0.0,0.0,0.0,86.4
562,52.0,20.6,15.7,0.0,24.5,11.8,0.0,34.3,1.0,87.3
608,54.5,0.0,0.0,0.0,54.5,0.0,0.0,0.0,0.0,81.8
616,66.7,0.0,0.0,0.0,66.7,0.0,0.0,0.0,0.0,73.3
621,0.0,0.0,0.0,0.0,0.0,0.0,0.0,0.0,0.0,46.7
679,0.0,0.0,0.0,0.0,0.0,0.0,0.0,0.0,0.0,47.1
687,61.0,36.6,31.7,27.2,10.0,4.1,0.0,15.2,1.4,97.6
725,22.9,0.0,14.3,0.0,0.0,5.7,0.0,22.9,0.0,74.3
752,92.2,28.6,27.3,1.3,32.5,62.3,0.0,45.5,1.3,98.7
770,63.0,0.0,0.0,0.0,31.6,0.0,0.0,5.3,0.0,68.4
778,67.2,12.1,20.7,0.0,17.2,41.4,0.0,31.0,12.1,100.0
810,71.4,32.1,41.0,7.0,17.3,34.8,0.0,24.0,7.5,98.1
844,55.8,16.3,14.0,2.3,25.6,14.0,0.0,23.3,2.3,100.0
893,77.8,11.1,14.8,0.0,20.4,18.5,0.0,61.1,13.0,100.0
919,68.8,17.5,26.3,0.0,25.0,48.8,0.0,41.3,16.3,100.0
935,73.9,18.0,18.0,0.0,19.8,36.0,0.0,39.6,4.5,95.5
992,54.2,16.7,27.1,0.0,12.5,18.8,0.0,25.0,8.3,91.7
1081,69.9,21.8,25.3,6.6,22.3,12.7,0.9,22.7,3.1,96.9
1123,55.1,3.3,9.8,0.4,27.3,7.3,0.4,16.3,9.8,85.7
1149,69.0,34.2,31.6,9.1,15.5,28.9,0.0,16.0,6.4,89.8
1198,98.4,19.7,41.0,3.3,63.9,42.6,0.0,52.5,45.9,100.0
1297,77.2,60.3,43.8,47.5,5.5,4.1,2.3,9.1,0.0,98.2
1370,73.8,50.4,54.6,29.9,5.0,34.6,0.0,2.6,0.8,98.2
1388,65.9,57.5,35.8,28.1,2.3,6.4,0.0,3.7,0.0,98.3
1420,67.7,21.5,36.9,0.0,13.8,35.4,0.0,20.0,1.5,95.4
1446,77.8,11.1,33.3,0.0,24.1,44.4,1.9,31.5,5.6,100.0
1545,63.0,8.6,10.9,0.4,33.5,12.8,0.0,22.6,3.9,85.6
1602,59.4,7.9,26.7,0.0,11.9,23.8,0.0,31.7,5.9,93.1
1701,63.5,16.6,19.3,9.4,25.4,7.2,1.1,27.6,8.8,97.2
1750,72.1,14.7,18.6,0.0,31.8,26.4,0.0,30.2,8.5,93.0
1792,70.5,54.4,49.3,30.4,6.5,4.6,0.0,6.0,1.8,99.1
1842,70.4,49.0,38.8,36.7,1.0,21.4,0.0,29.6,2.0,96.9
1883,47.1,0.0,23.5,0.0,11.8,5.9,0.0,11.8,0.0,94.1
1958,83.0,13.7,24.8,0.7,49.7,22.9,0.7,29.4,2.6,97.4
1966,66.0,33.8,31.8,12.7,9.1,26.2,0.2,19.6,2.5,95.8
2022,63.4,2.2,5.9,1.1,43.0,6.5,0.0,26.9,2.2,96.8
2139,31.0,3.4,11.5,0.0,9.2,1.1,0.0,12.6,3.4,87.4
2154,74.1,48.6,35.5,19.5,9.1,23.2,0.0,32.7,0.5,96.4
2220,56.4,13.3,18.6,4.8,12.2,22.9,1.1,30.3,2.1,96.8
2246,70.6,10.9,19.3,0.0,33.6,24.4,4.2,44.5,1.7,98.3
2303,51.5,0.0,0.0,0.0,49.5,4.9,0.0,0.0,0.0,59.8
2337,78.3,4.8,20.5,0.0,51.8,34.9,3.6,47.0,2.4,88.0
2436,88.6,9.5,21.0,2.9,41.0,29.5,1.0,48.6,8.6,97.1
2501,32.8,16.4,13.4,0.0,10.4,0.0,0.0,10.4,0.0,94.0
2568,78.9,8.6,17.2,0.0,40.6,22.7,0.0,52.3,7.0,92.2
2576,80.0,33.8,44.6,9.2,25.4,54.6,0.0,33.1,18.5,98.5
2675,69.1,60.4,31.4,51.2,1.9,5.8,0.0,4.8,0.0,96.1
2709,60.4,29.7,26.5,8.3,9.6,35.8,0.0,16.0,0.0,97.8
2782,81.5,13.6,18.5,0.0,42.0,32.1,0.0,40.7,7.4,96.3
2840,90.5,15.2,15.2,0.0,56.2,30.5,0.0,53.3,21.0,95.2
2873,74.2,10.6,22.7,0.0,22.7,34.8,0.0,40.9,13.6,90.9
2956,50.0,0.0,20.0,0.0,30.0,0.0,0.0,20.0,10.0,80.0
3038,67.5,34.9,50.6,0.0,6.0,54.2,0.0,15.7,0.0,94.0
3061,45.6,20.2,21.4,8.9,19.9,2.1,0.0,13.5,13.1,97.2
3228,83.0,24.5,34.0,0.0,28.3,47.2,0.0,58.5,15.1,100.0
3285,77.8,23.1,31.1,7.1,34.0,27.4,0.0,36.3,13.2,95.3
3301,46.6,5.9,2.3,0.0,32.9,3.7,0.9,12.3,2.3,80.4
3376,89.5,7.9,15.8,0.0,57.9,26.3,0.0,65.8,2.6,100.0
3467,77.6,66.7,42.6,31.7,9.3,8.3,0.0,15.4,0.0,98.7
3558,75.0,8.3,10.4,0.0,31.3,29.2,0.0,31.3,4.2,95.8
3640,72.1,16.3,23.3,0.0,34.9,34.9,0.0,37.2,9.3,83.7
3749,79.5,5.7,22.7,0.0,53.4,11.4,2.3,19.3,4.5,94.3
3780,68.9,12.2,12.2,2.2,34.4,16.7,0.0,34.4,33.3,94.4
3830,62.7,29.9,13.4,0.0,11.2,35.1,0.0,14.2,0.7,96.3
3863,73.9,24.4,37.8,9.2,29.4,26.1,0.0,42.9,28.6,99.2
3970,68.5,30.8,25.4,10.4,25.9,28.5,0.3,29.6,0.7,97.7
3996,63.0,1.5,3.4,0.0,26.7,3.0,0.4,16.9,35.3,86.8
4028,70.2,20.5,29.8,0.0,25.5,15.5,0.6,31.7,9.9,93.8
4077,81.1,0.0,0.0,0.0,66.4,0.0,0.0,32.8,4.9,87.7
4085,76.0,14.0,30.0,0.0,22.0,26.0,0.0,44.0,10.0,98.0
4127,74.5,23.6,31.3,3.8,36.1,29.3,1.0,38.5,7.2,97.6
4143,75.0,35.4,36.0,2.4,20.7,30.5,0.0,26.8,1.8,96.3
4184,67.5,7.2,10.8,0.0,27.7,10.8,1.2,28.9,3.6,98.8
4416,60.1,23.1,26.9,1.3,16.4,28.2,0.0,21.8,10.5,97.1
4507,60.6,12.5,24.0,0.0,20.2,25.0,0.0,35.6,3.8,99.0
4556,83.8,2.7,8.1,1.4,35.1,20.3,0.0,66.2,2.7,97.3
4622,64.2,3.1,14.8,0.0,40.7,13.6,0.0,16.7,1.9,95.1
4770,63.3,17.1,14.9,5.4,26.6,18.4,0.3,30.7,5.7,97.2
4796,60.5,43.3,43.3,19.1,11.2,7.0,0.0,7.9,8.4,100.0
4812,75.2,9.9,16.3,0.0,35.5,20.6,2.1,51.8,0.0,97.9
4853,60.0,4.6,10.8,0.0,40.0,13.8,0.0,40.0,9.2,93.8
4861,76.1,12.7,14.1,0.0,36.6,28.2,0.0,52.1,8.5,94.4
4887,63.8,10.1,18.8,0.0,7.2,26.1,0.0,46.4,13.0,97.1
4911,69.8,17.9,24.5,0.0,16.0,51.9,0.0,22.6,11.3,97.2
4994,71.4,18.3,17.7,10.9,20.0,35.4,0.6,26.3,4.0,96.6
5017,63.5,8.1,23.6,0.0,29.7,31.1,0.0,24.3,13.5,97.3
5173,76.9,26.9,19.2,0.0,13.5,46.2,0.0,34.6,3.8,94.2
5207,72.5,18.1,23.1,4.9,23.6,2.7,0.5,26.4,40.7,96.2
5298,65.9,14.3,16.5,0.0,29.7,25.3,0.0,39.6,2.2,97.8
5322,66.7,38.3,35.8,23.5,5.0,19.2,1.3,31.7,5.1,96.5
5751,84.2,80.6,49.6,47.5,1.4,8.6,0.7,9.4,0.0,99.3
5777,65.0,25.0,30.0,0.0,30.0,35.0,0.0,35.0,5.0,95.0
5819,66.7,24.5,27.5,0.0,23.5,40.2,2.0,19.6,2.0,95.1
5850,78.8,0.0,0.6,0.0,76.3,0.0,0.0,62.8,6.4,91.7
5876,68.4,39.6,33.6,19.2,13.6,23.6,0.0,16.8,7.6,98.8
6098,65.4,10.6,4.8,0.0,34.6,14.4,0.0,46.2,18.3,98.1
6296,46.4,7.3,21.0,3.9,16.3,13.3,1.7,21.5,6.0,86.3
6312,74.7,30.5,26.3,1.1,28.4,30.5,1.1,22.1,7.4,100.0
6320,68.9,11.5,8.8,0.0,35.8,16.9,0.0,33.1,9.5,92.6
6494,75.7,12.9,13.7,1.9,39.2,9.5,0.0,54.4,14.8,93.2
6502,37.8,2.7,8.1,0.0,16.2,5.4,0.0,27.0,16.2,97.3
6528,75.9,2.7,18.8,0.0,50.9,16.1,1.8,46.4,19.6,90.2
6551,74.6,11.9,20.1,0.0,17.2,30.6,0.0,44.0,9.0,94.0
6593,76.3,40.5,38.8,22.6,13.6,36.9,0.0,22.6,0.9,98.7
6619,69.7,2.8,4.6,0.0,38.5,16.5,0.0,28.4,4.6,96.3
6635,53.6,7.2,8.8,0.0,24.0,12.8,0.0,36.0,12.8,95.2
6734,81.2,20.8,14.8,0.0,32.9,36.9,0.0,38.9,14.1,99.3
6759,64.6,18.5,24.1,9.2,35.4,16.9,1.0,32.3,2.6,97.9
6791,75.2,9.7,18.8,0.0,46.7,30.3,0.0,33.9,12.7,100.0
6841,53.2,0.0,12.9,0.0,46.0,5.8,0.0,0.0,0.0,61.2
6858,75.9,25.9,18.5,8.3,11.1,16.7,0.0,50.0,31.5,97.2
6890,72.3,9.0,12.7,6.5,40.6,8.8,0.0,41.9,1.7,92.3
6940,63.0,0.0,0.0,0.0,20.0,0.0,0.0,1.7,0.0,50.0
6965,82.7,17.3,26.7,0.0,17.3,44.0,0.0,50.7,20.0,96.0
7021,70.6,23.5,31.8,0.0,11.8,45.9,0.0,12.9,1.2,96.5
7054,67.3,17.0,18.7,5.3,30.4,26.9,4.7,28.1,19.3,91.2
7062,88.4,21.7,34.8,5.8,81.2,15.9,0.0,21.7,1.4,100.0
7104,60.8,14.9,21.6,1.4,18.9,29.7,0.0,29.7,0.0,97.3
7211,49.5,10.9,5.9,0.0,10.9,7.9,1.0,30.7,16.8,82.2
7245,76.5,2.9,11.8,0.0,50.0,20.6,0.0,29.4,14.7,97.1
7278,83.3,8.3,13.9,0.0,50.0,22.2,0.0,44.4,0.0,100.0
7286,65.4,10.9,11.5,1.3,44.2,2.6,0.0,39.1,22.4,93.6
7310,71.6,34.7,27.6,11.1,12.0,20.0,1.3,22.7,17.3,98.2
7401,57.1,14.3,20.0,0.0,14.3,20.0,0.0,45.7,20.0,97.1
7427,59.4,4.7,7.5,0.0,42.5,8.5,0.9,34.0,8.5,97.2
7534,95.1,32.8,32.8,0.0,42.6,60.7,1.6,50.8,0.0,100.0
7617,55.8,2.3,4.7,0.0,25.6,4.7,0.0,51.2,16.3,90.7
7658,66.2,28.6,40.3,2.6,26.0,24.7,0.0,27.3,1.3,100.0
7666,53.6,23.2,5.4,5.4,14.3,1.8,0.0,32.1,3.6,100.0
7674,68.6,7.0,16.3,0.0,17.4,7.0,0.0,54.7,14.0,95.3
7724,63.5,10.4,18.3,0.0,15.7,20.0,0.9,32.2,0.9,93.0
7823,60.3,6.8,13.7,0.0,37.0,4.1,0.0,26.0,0.0,91.8
7930,50.8,8.8,10.8,2.4,20.8,0.0,0.0,28.0,1.6,89.6
7955,77.3,56.0,24.0,14.7,22.7,0.0,0.0,29.3,0.0,100.0
7999,64.6,12.5,2.1,0.0,33.3,22.9,0.0,8.3,0.0,50.0
8003,51.4,20.0,17.1,0.0,10.0,30.0,0.0,17.1,2.9,94.3
8052,57.9,21.1,34.2,0.0,18.4,31.6,0.0,13.2,7.9,100.0
8086,82.0,10.0,20.0,0.0,40.0,28.0,0.0,52.0,0.0,100.0
8110,60.4,0.0,2.5,0.0,53.5,6.3,0.0,1.3,0.6,82.4
8136,83.9,12.9,21.0,0.0,59.7,6.5,0.0,40.3,0.0,91.9
8219,65.0,16.5,13.6,0.0,30.1,18.4,2.9,31.1,10.7,97.1
8250,60.7,6.7,13.5,7.9,51.7,1.1,0.0,25.8,4.5,96.6
8262,63.0,2.6,2.6,0.0,42.3,0.0,0.0,13.5,10.3,73.1
8298,62.0,2.4,6.4,0.0,38.4,2.4,0.0,43.2,14.8,72.0
8300,61.6,9.3,20.3,0.0,29.7,20.3,0.0,29.1,4.1,97.1
8309,63.0,2.8,4.3,0.0,38.5,14.8,0.0,31.8,2.8,82.3
8342,63.0,26.1,32.6,0.0,7.6,16.3,0.0,26.1,5.4,96.7
8433,86.2,23.1,26.2,0.0,32.3,20.0,0.0,67.7,3.1,95.4
8532,52.5,5.0,14.9,0.0,26.7,14.9,0.0,28.7,20.8,92.1
8722,63.4,17.3,19.8,6.6,37.9,19.8,0.0,28.4,9.1,86.4
8821,46.4,0.0,0.0,0.0,41.2,5.2,0.0,1.0,0.0,62.9
8961,80.0,6.7,16.7,0.0,48.3,15.0,0.0,53.3,6.7,100.0
8995,82.8,9.1,10.1,0.0,43.4,23.2,0.0,57.6,28.3,90.9
9038,100.0,67.8,0.0,0.0,0.0,100.0,0.0,0.0,0.0,98.3
9043,61.8,10.1,10.1,0.0,29.2,24.7,0.0,33.7,7.9,97.8
9084,75.7,6.5,13.1,0.0,36.4,7.5,0.0,63.6,6.5,90.7
9091,63.3,41.5,26.2,14.4,14.4,21.1,0.0,23.4,2.6,93.7
9134,67.2,10.4,25.4,0.0,38.8,17.9,1.5,11.9,1.5,92.5
9145,96.7,46.7,70.7,0.0,1.1,96.7,0.0,0.0,1.1,100.0
9200,69.0,1.2,6.0,0.0,50.0,15.5,0.0,0.0,10.7,92.9
9283,27.9,20.6,20.6,0.0,0.0,0.0,0.0,0.0,0.0,98.5
9286,64.2,44.6,36.2,32.7,6.7,10.1,0.0,11.7,0.0,98.4
9421,8.5,0.0,0.0,0.0,8.5,0.0,0.0,0.0,0.0,88.7
9498,91.1,0.0,0.0,0.0,82.1,0.0,0.0,46.3,5.7,91.1
9514,63.0,2.4,0.0,0.0,46.4,2.4,0.0,26.2,0.0,75.0
9555,63.0,0.0,0.0,0.0,32.9,2.4,0.0,2.4,0.0,48.2
9571,44.4,8.3,16.7,0.0,0.0,22.2,0.0,8.3,2.8,88.9
9589,75.7,5.4,1.4,0.0,56.8,1.4,0.0,66.2,0.0,93.2
9779,85.4,22.9,35.4,0.0,37.5,46.9,0.0,54.2,19.8,100.0
9803,68.8,15.3,21.5,2.1,33.3,19.4,0.0,31.9,14.6,95.8
9894,68.9,24.4,26.7,0.0,15.6,22.2,0.0,26.7,0.0,95.6
9936,63.0,14.9,17.7,5.0,14.2,11.3,0.0,29.1,13.5,93.6
9997,24.4,3.8,0.0,1.3,20.5,0.0,0.0,0.0,0.0,98.7
10041,72.3,24.1,34.8,0.0,27.7,27.7,0.9,35.7,7.1,94.6
10090,55.9,11.8,11.8,0.0,17.6,2.9,0.0,41.2,2.9,88.2
10173,89.1,17.2,15.6,0.0,68.8,32.8,0.0,48.4,7.8,98.4
10199,55.1,10.2,10.2,1.6,31.0,12.3,0.0,32.1,1.6,87.7
10200,31.9,6.4,0.0,0.0,23.4,2.1,0.0,0.0,0.0,78.7
10272,89.2,6.6,11.8,0.0,59.4,10.8,0.0,63.7,7.5,94.8
10421,63.0,0.0,0.0,0.0,50.8,1.7,0.0,3.4,0.0,93.2
10439,76.0,9.0,23.0,0.0,31.0,21.0,0.0,36.0,13.0,97.0
10462,48.8,6.9,9.7,0.9,19.2,19.7,0.0,9.7,1.2,85.5
10660,74.9,49.6,42.7,16.1,13.1,21.5,0.0,11.9,0.6,98.8
10769,81.7,6.5,15.1,0.0,40.9,33.3,0.0,47.3,10.8,94.6
10819,53.3,3.3,9.3,0.0,31.7,8.7,0.0,20.3,8.7,83.3
10884,60.9,28.3,23.9,6.5,19.6,0.0,0.0,27.2,2.2,100.0
10926,71.2,30.1,31.5,12.3,9.6,46.6,0.0,27.4,1.4,100.0
11049,55.7,12.2,19.2,8.5,23.4,10.1,0.0,20.8,0.8,94.6
11056,98.5,13.4,31.3,0.0,89.6,38.8,0.0,49.3,17.9,100.0
11072,80.4,12.4,25.5,0.0,15.7,30.7,2.6,51.6,5.2,96.1
11114,83.5,13.2,24.0,8.3,32.2,24.0,0.0,42.1,5.0,98.3
11163,94.4,25.0,30.6,0.0,58.3,47.2,0.0,63.9,0.0,97.2
11171,86.6,11.8,11.8,0.0,44.5,20.2,0.0,66.4,0.0,98.3
11239,62.5,2.1,16.7,0.0,31.3,4.2,0.0,45.8,6.3,93.8
11288,69.7,25.8,9.1,0.0,22.7,7.6,0.0,42.4,3.0,98.5
11304,69.5,27.7,25.5,12.8,21.3,8.5,0.0,37.6,29.8,92.9
11460,72.6,12.9,19.4,0.0,29.0,24.2,0.0,59.7,14.5,93.5
11478,71.7,3.3,15.0,0.0,23.3,21.7,0.0,55.0,18.3,88.3
11502,70.5,9.8,11.5,0.0,27.9,26.2,0.0,60.7,1.6,96.7
11506,92.6,56.8,70.4,0.0,28.4,71.6,0.0,53.1,0.0,98.8
11533,45.2,16.1,25.8,0.0,12.9,9.7,0.0,0.0,0.0,100.0
11534,63.0,2.8,2.8,0.0,50.0,0.0,0.0,5.6,2.8,83.3
11551,55.8,17.4,18.8,0.0,9.4,20.3,0.0,25.4,2.2,96.4
11609,81.6,1.2,4.3,0.0,57.1,56.4,0.0,45.4,12.9,89.6
11627,61.2,27.1,24.9,4.7,16.5,6.7,0.0,39.9,13.4,93.0
11668,59.8,8.2,12.4,1.0,41.2,7.2,0.0,19.6,2.1,91.8
11684,77.3,33.3,16.7,0.0,22.7,47.3,0.0,25.3,8.0,98.7
11692,85.0,17.5,9.3,10.4,46.8,11.4,0.0,42.9,7.1,96.8
11791,75.8,16.0,15.7,4.5,59.8,15.2,0.0,18.5,14.6,98.3
11923,5.3,0.0,0.0,0.0,0.0,5.3,0.0,0.0,0.0,86.8
11995,71.9,3.1,2.1,2.1,65.6,3.1,0.0,8.3,0.0,82.3
12039,49.6,4.6,7.6,0.0,36.6,12.2,0.0,21.4,10.7,92.4
12045,32.1,3.6,3.6,0.0,7.1,21.4,0.0,0.0,0.0,89.3
12310,57.6,12.9,19.4,0.5,30.9,14.3,0.0,30.9,18.9,94.5
12328,56.8,10.1,4.9,1.0,40.6,8.4,0.0,24.4,3.6,86.4
12335,54.9,0.0,0.0,0.0,52.1,1.4,0.0,4.2,0.0,67.6
12352,63.0,4.5,0.0,0.0,28.8,0.0,0.0,0.0,0.0,80.3
12355,63.0,4.2,0.0,0.0,29.2,0.0,0.0,0.0,0.0,75.0
12377,95.9,32.7,36.7,0.0,24.5,67.3,0.0,65.3,34.7,100.0
12391,77.3,21.9,50.8,0.0,6.3,68.8,0.0,18.8,0.0,98.4
12450,72.9,16.8,10.3,0.0,26.2,32.7,0.9,38.3,6.5,98.1
12500,70.9,6.1,8.5,0.0,51.8,17.4,0.4,30.8,17.0,93.9
12567,85.1,10.6,42.6,0.0,44.7,44.7,0.0,48.9,0.0,95.7
12591,92.8,13.4,29.9,0.0,50.5,45.4,0.0,62.9,12.4,96.9
12625,89.2,27.0,18.9,0.0,24.3,37.8,0.0,43.2,0.0,100.0
12641,100.0,38.5,53.8,1.5,33.8,75.4,0.0,35.4,0.0,100.0
12674,93.5,24.7,10.4,0.0,19.5,36.4,2.6,59.7,45.5,97.4
12773,62.5,7.5,16.7,0.0,21.7,18.3,0.0,42.5,12.5,89.2
12799,80.2,25.2,28.2,3.8,35.1,26.7,0.0,37.4,26.7,90.1
12849,54.4,8.8,16.2,1.5,27.9,20.6,0.0,23.5,11.8,98.5
13110,58.0,16.0,28.0,2.0,12.0,29.0,0.0,15.0,0.0,97.0
13128,82.1,1.0,0.0,0.0,70.5,2.4,0.0,30.9,10.1,85.5
13136,63.0,0.7,4.5,0.0,50.3,3.8,0.0,20.3,1.0,88.8
13219,49.4,26.7,22.1,9.3,4.1,8.7,0.0,14.5,6.4,91.9
13231,88.1,25.4,22.4,6.0,14.9,20.9,0.0,68.7,0.0,100.0
13243,75.5,22.5,15.7,0.0,28.4,19.6,0.0,33.3,21.6,99.0
13326,92.5,11.8,20.4,0.0,55.9,32.3,0.0,60.2,11.8,100.0
13433,84.7,15.3,35.6,0.0,50.8,35.6,0.0,54.2,11.9,100.0
13482,92.1,15.8,28.1,0.0,85.1,21.9,0.9,14.9,2.6,92.1
13532,55.0,12.9,9.3,3.3,37.0,10.7,0.0,18.2,5.3,94.0
13656,77.4,26.4,14.5,6.9,32.1,27.7,0.0,41.5,2.5,99.4
13680,16.2,0.0,0.0,0.0,1.4,0.0,0.0,16.2,0.0,62.2
13730,43.5,4.3,13.0,0.0,17.4,0.0,0.0,30.4,8.7,100.0
13755,54.1,4.1,8.1,0.0,27.0,12.2,0.0,32.4,1.4,89.2
13864,0.0,0.0,0.0,0.0,0.0,0.0,0.0,0.0,0.0,63.6
13870,75.8,12.1,24.2,0.0,6.1,21.2,0.0,66.7,0.0,100.0
13920,83.4,14.8,19.3,6.3,52.9,17.5,1.3,28.3,25.1,99.6
13930,98.9,26.9,58.1,0.0,5.4,76.3,0.0,95.7,41.9,100.0
13994,63.0,4.7,0.0,0.0,20.9,0.0,0.0,0.0,0.0,69.8
14027,65.4,6.9,20.0,0.0,18.5,26.9,0.0,28.5,23.8,100.0
14092,73.8,7.5,16.3,0.0,12.5,26.3,0.0,50.0,21.3,93.8
14100,67.4,32.6,50.0,31.4,1.2,17.4,1.2,8.1,0.0,98.8
14231,91.5,53.7,31.7,0.0,25.6,15.9,0.0,76.8,0.0,98.8
14258,77.4,58.8,52.8,25.6,5.5,27.1,0.0,23.1,2.0,98.5
14365,67.2,35.4,30.2,16.6,18.8,20.5,0.0,21.1,16.2,96.8
14373,71.4,4.8,21.4,0.0,26.2,2.4,0.0,50.0,9.5,100.0
14498,74.8,13.6,28.2,0.0,25.2,24.3,0.0,47.6,1.0,96.1
14571,61.5,11.9,22.9,0.0,23.9,17.4,0.0,36.7,1.8,93.6
14621,82.6,6.7,15.9,0.0,23.1,27.7,0.0,64.6,3.6,94.4
14691,94.4,35.2,61.7,0.0,8.6,59.9,0.0,87.0,4.3,100.0
14704,74.9,7.2,8.7,1.0,49.3,5.0,0.0,38.7,1.2,90.9
14904,12.5,0.0,0.0,0.0,12.5,0.0,0.0,0.0,0.0,81.3
14918,22.9,2.9,0.0,0.0,20.0,0.0,0.0,0.0,0.0,82.9
14919,63.0,0.0,0.0,0.0,31.8,0.0,0.0,0.0,0.0,66.4
14920,100.0,18.1,0.0,0.0,0.0,100.0,0.0,0.0,0.0,100.0
14944,45.1,16.0,6.3,0.0,17.7,13.7,0.6,18.9,4.0,87.4
15099,82.7,11.5,17.3,0.0,38.5,15.4,0.0,61.5,21.2,86.5
15156,90.7,5.6,13.0,0.0,68.5,29.6,0.0,77.8,1.9,98.1
15172,74.1,11.1,3.7,0.0,25.9,40.7,0.0,66.7,3.7,96.3
15214,58.4,9.5,5.4,2.7,37.6,13.6,0.5,29.0,1.4,85.5
15222,68.2,8.1,3.9,0.7,51.2,8.1,1.1,13.8,12.0,89.4
15329,82.6,34.8,19.6,0.0,30.4,56.5,0.0,41.3,2.2,97.8
15344,63.2,15.8,31.6,0.0,5.3,52.6,0.0,5.3,0.0,94.7
15560,63.0,3.1,3.1,0.0,47.7,5.7,0.0,18.7,2.1,93.3
15598,63.0,1.2,0.0,0.0,50.6,0.0,0.0,0.0,0.0,74.1
15599,55.9,0.8,0.0,0.0,54.3,0.0,0.0,0.8,0.0,86.6
15600,27.7,1.0,0.0,1.0,26.7,0.0,0.0,0.0,0.0,81.2
15710,63.0,0.0,0.0,0.0,30.0,0.0,0.0,0.0,0.0,20.0
15792,46.2,10.8,21.5,3.8,14.6,16.5,0.0,19.0,1.9,94.9
15842,64.2,17.6,13.8,11.4,32.8,16.7,0.0,18.2,2.1,91.2
16048,65.0,16.7,18.3,0.0,28.3,6.7,0.0,33.3,10.0,93.3
16154,76.1,51.5,45.1,29.2,15.5,17.8,0.0,13.6,0.0,97.3
16162,64.7,12.8,12.8,0.8,27.8,27.1,3.0,20.3,3.0,98.5
16220,50.0,14.1,7.7,0.0,2.6,24.4,0.0,24.4,0.0,92.3
16303,70.1,47.0,29.0,20.0,14.5,26.2,0.0,24.3,0.6,93.9
16345,69.0,9.8,14.4,0.0,33.3,25.9,0.0,31.0,9.2,97.7
16352,59.6,17.5,15.8,0.0,12.3,3.5,0.0,40.4,1.8,98.2
16427,63.0,0.0,0.0,0.0,52.0,0.0,0.0,0.0,0.0,72.0
16429,63.0,2.2,0.0,0.0,28.9,0.0,0.0,4.4,0.0,62.2
16436,77.8,16.7,33.3,0.0,22.2,38.9,0.0,38.9,8.3,100.0
16568,70.3,29.7,18.9,0.0,18.9,29.7,0.0,45.9,8.1,97.3
16672,33.1,0.7,0.0,0.0,28.1,0.0,1.4,3.6,0.0,46.0
16701,22.7,18.2,0.0,4.5,0.0,4.5,0.0,0.0,0.0,95.5
16758,70.6,35.9,42.9,19.5,13.3,17.5,0.0,35.6,0.8,98.0
16816,90.4,23.1,32.7,0.0,48.1,40.4,0.0,51.9,40.4,100.0
16882,63.0,0.0,0.0,0.0,24.1,0.0,0.0,0.0,0.0,78.3
16883,81.0,3.2,0.0,0.0,80.2,4.0,0.0,0.0,0.0,92.9
16885,15.7,0.0,0.0,0.0,15.7,0.0,0.0,0.0,0.0,55.4
16886,63.0,3.5,3.5,5.3,31.6,3.5,0.0,0.0,0.0,80.7
16887,63.0,5.1,0.0,0.0,17.9,0.0,0.0,0.0,15.4,82.1
16941,71.4,50.1,53.2,33.6,4.9,14.3,0.0,10.5,0.2,99.1
17004,66.5,19.6,21.1,3.1,27.3,28.9,0.0,18.6,3.6,95.4
17046,46.5,21.3,23.2,0.6,9.0,15.5,1.9,12.3,5.2,98.1
17095,76.4,59.0,58.7,46.4,4.0,1.1,0.0,11.1,0.0,98.3
17160,73.0,4.0,13.0,0.0,47.0,9.0,1.0,33.0,14.0,93.0
17194,84.2,24.2,43.2,9.5,14.7,65.3,1.1,18.9,6.3,97.9
17233,17.5,1.5,0.0,0.0,13.3,1.5,0.0,3.4,1.5,62.0
17274,0.0,0.0,0.0,0.0,0.0,0.0,0.0,0.0,0.0,69.2
17285,77.4,36.9,45.2,17.9,21.4,32.1,0.0,31.0,0.0,95.2
17301,81.2,69.6,61.9,59.7,3.3,0.6,0.0,29.3,1.1,97.2
17325,6.5,0.0,1.1,0.0,2.2,1.1,0.0,2.2,2.2,47.8
17343,60.6,15.9,3.0,0.0,14.4,9.1,0.0,41.7,2.3,97.7
17377,77.8,0.0,0.0,0.0,75.0,0.0,1.9,0.9,6.5,88.9
17426,87.1,20.1,36.7,0.7,42.4,28.8,1.4,41.7,26.6,98.6
17491,59.3,16.8,18.6,0.0,15.0,24.8,0.0,25.7,2.7,99.1
17498,47.1,41.2,29.4,0.0,0.0,0.0,0.0,0.0,0.0,100.0
17582,85.3,26.5,41.2,0.0,44.1,55.9,0.0,55.9,29.4,94.1
17640,71.4,0.0,57.1,0.0,21.4,57.1,0.0,0.0,0.0,100.0
17665,46.2,15.4,13.5,0.0,7.7,0.0,0.0,30.8,7.7,98.1
17756,73.9,17.4,21.2,0.5,27.2,0.0,0.0,54.9,14.1,91.3
17772,72.4,33.6,36.9,13.7,9.7,47.5,0.2,17.7,3.8,96.2
17798,86.0,19.3,42.1,0.0,57.9,22.8,0.0,33.3,31.6,96.5
17905,62.9,15.0,14.3,0.7,10.0,17.1,0.0,34.3,7.9,96.4
18150,31.6,5.3,0.0,0.0,26.3,21.1,0.0,31.6,21.1,73.7
18184,69.7,25.8,22.7,0.0,27.3,21.2,0.0,21.2,1.5,97.0
18218,80.0,5.8,16.7,0.0,50.8,23.3,0.0,41.7,7.5,94.2
18408,30.0,21.4,8.6,10.0,1.4,18.6,0.0,0.0,0.0,100.0
18481,50.4,17.1,13.2,0.0,14.0,26.4,0.0,24.0,0.8,96.1
18507,70.1,22.8,16.3,2.7,26.6,29.9,0.0,28.8,13.0,94.6
18523,90.3,3.2,0.0,0.0,71.0,32.3,0.0,74.2,45.2,100.0
18606,82.9,34.1,34.1,2.4,4.9,24.4,0.0,41.5,2.4,100.0
18770,68.9,56.3,41.7,0.0,4.9,5.3,0.0,5.8,0.5,97.1
18846,49.2,9.0,15.6,0.0,15.6,17.2,0.0,40.2,14.8,97.5
18929,61.1,24.9,13.0,7.5,15.4,37.9,0.0,38.7,2.0,94.1
18960,64.0,16.9,22.1,0.0,12.5,44.9,0.0,15.4,2.9,97.8
19192,26.7,0.0,0.0,0.0,26.7,0.0,0.0,0.0,0.0,20.0
19194,23.2,0.0,0.0,0.0,22.3,0.9,0.0,0.0,0.0,83.0
19216,76.9,39.8,34.3,30.6,17.6,23.1,0.0,20.4,6.5,99.1
19226,25.9,3.7,3.7,0.0,22.2,0.0,0.0,0.0,0.0,77.8
19266,19.7,0.0,0.0,0.0,16.7,0.0,0.0,3.0,0.0,21.2
19364,75.8,4.8,25.0,0.0,50.0,10.5,0.0,33.9,21.0,91.9
19406,39.7,15.5,0.0,1.7,8.6,13.8,0.0,19.0,0.0,96.6
19539,72.2,6.6,21.2,0.0,34.4,23.8,0.0,43.7,16.6,96.0
19617,26.6,10.6,0.0,0.0,14.9,0.0,0.0,1.1,0.0,66.0
19622,63.0,7.9,0.0,0.0,23.7,0.0,0.0,7.9,0.0,73.7
19628,73.8,2.4,0.0,0.0,69.0,0.0,0.0,4.8,0.0,95.2
19643,33.3,13.3,0.0,3.3,0.0,6.7,0.0,16.7,0.0,93.3
19655,26.3,5.3,0.0,0.0,23.7,2.6,0.0,0.0,0.0,60.5
19661,80.3,29.9,23.9,0.0,22.2,49.6,1.7,26.5,0.9,93.2
19664,15.4,2.6,0.0,0.0,12.8,1.3,0.0,0.0,0.0,34.6
19677,31.3,0.0,0.0,0.0,25.0,6.3,0.0,0.0,0.0,81.3
19682,39.5,0.0,0.0,0.0,39.5,0.0,0.0,2.6,2.6,86.8
19687,73.3,36.8,18.6,23.9,18.9,1.8,0.0,39.6,1.8,97.9
19694,63.0,9.1,9.1,0.0,18.2,0.0,0.0,0.0,0.0,81.8
19695,74.1,8.6,21.6,4.3,46.8,17.3,0.0,24.5,2.2,96.4
19724,7.1,0.0,0.0,0.0,7.1,0.0,0.0,0.0,0.0,0.0
19727,36.4,0.0,0.0,0.0,18.2,0.0,0.0,18.2,0.0,81.8
19732,22.7,0.0,0.0,0.0,11.4,0.0,0.0,9.1,4.5,56.8
19734,5.5,2.4,0.0,0.0,3.1,0.8,0.0,0.0,0.0,70.9
19737,63.4,31.6,20.5,8.4,21.6,20.2,0.0,20.5,0.3,96.4
19745,91.3,20.3,15.9,0.0,68.1,36.2,0.0,50.7,20.3,98.6
19752,77.8,11.5,13.9,0.6,40.2,16.4,0.0,45.9,22.2,90.9
19761,63.0,6.7,0.0,0.0,26.7,0.0,0.0,0.0,0.0,73.3
19785,63.0,0.0,0.0,0.0,44.2,0.0,0.0,4.7,2.3,86.0
19796,5.6,0.0,0.0,0.0,5.6,0.0,0.0,2.8,0.0,13.9
19803,56.4,3.6,0.0,0.0,50.9,1.8,0.0,1.8,0.0,76.4
19829,17.9,0.0,0.0,0.0,14.3,0.0,0.0,3.6,0.0,67.9
19839,28.6,7.1,0.0,0.0,17.9,0.0,0.0,10.7,0.0,50.0
20008,51.1,12.0,19.6,0.0,25.0,10.9,1.1,21.7,13.0,94.6
20032,62.7,23.0,20.7,10.7,27.6,25.2,0.2,23.0,1.2,96.4
20059,40.2,3.7,0.9,0.0,36.4,1.9,0.0,0.0,0.0,86.9
20063,27.8,5.6,0.0,0.0,11.1,5.6,0.0,5.6,0.0,83.3
20066,57.9,8.3,11.6,1.9,29.5,20.9,0.0,13.6,0.7,96.0
20107,61.4,6.8,9.1,0.0,43.2,2.3,0.0,38.6,4.5,88.6
20112,25.6,0.0,0.0,0.0,23.3,0.0,0.0,9.3,0.0,79.1
20149,86.7,8.9,42.2,0.0,13.3,48.9,0.0,33.3,31.1,100.0
20245,53.1,1.2,0.0,0.0,48.1,1.2,0.0,6.2,0.0,72.8
20255,69.2,29.3,27.8,0.5,7.1,48.0,0.0,19.2,7.6,98.0
20297,87.6,19.1,38.2,0.0,27.0,39.3,0.0,55.1,11.2,100.0
20388,45.2,5.8,11.5,0.0,25.0,10.6,0.0,9.6,3.8,93.3
20420,77.7,16.0,20.2,0.0,27.7,17.0,0.0,47.9,4.3,97.9
20446,86.4,44.8,64.0,0.0,7.2,72.8,0.0,23.2,4.0,100.0
20461,54.3,15.6,17.5,3.6,27.9,16.2,0.3,12.8,0.6,96.4
20487,66.0,7.4,34.0,0.0,23.5,0.0,0.0,36.4,8.0,95.7
20866,93.1,27.6,0.0,0.0,32.8,10.3,0.0,89.7,17.2,98.3
20883,46.1,27.5,24.3,12.2,4.8,0.5,0.0,19.2,0.6,93.6
20990,70.8,9.7,12.5,0.0,25.0,11.1,0.0,41.7,2.8,98.6
21030,50.0,0.0,0.0,0.0,48.1,1.9,0.0,7.5,0.0,69.8
21113,61.6,27.3,29.0,11.4,18.4,15.0,0.6,23.4,3.6,99.2
21188,82.6,0.0,2.2,0.0,78.3,0.0,0.0,8.7,2.2,80.4
21212,51.1,8.6,6.5,3.6,25.2,0.0,0.7,33.8,10.8,93.5
21220,82.7,14.2,22.0,0.0,12.6,31.5,0.0,48.8,37.0,99.2
21246,72.9,19.6,25.9,7.8,23.9,34.1,0.8,36.9,4.7,92.5
21287,65.1,13.6,26.0,0.0,26.0,22.5,0.0,17.8,1.8,97.6
21477,41.9,19.4,16.1,0.0,16.1,9.7,0.0,22.6,0.0,93.5
21519,68.5,19.1,25.8,0.0,14.6,21.3,0.0,38.2,5.6,97.8
21576,68.8,24.0,17.2,7.7,21.7,17.6,0.0,33.5,0.0,98.2
21600,68.5,43.3,39.6,22.8,13.2,14.9,0.0,12.4,2.2,98.9
21683,74.2,9.7,41.9,0.0,32.3,6.5,0.0,25.8,22.6,100.0
21717,86.4,4.5,22.7,0.0,25.0,36.4,0.0,75.0,36.4,95.5
21816,80.5,9.2,18.4,0.0,40.2,21.8,0.0,48.3,12.6,95.4
21956,79.2,64.2,56.6,50.9,7.5,18.9,0.0,5.7,0.9,98.1
22087,48.1,17.0,16.0,0.0,10.4,17.0,4.7,20.8,0.0,96.2
22111,42.1,8.8,13.9,1.9,19.4,3.7,0.0,20.8,2.3,94.0
22160,72.5,6.3,13.8,0.0,15.0,21.3,0.0,55.0,7.5,91.3
22178,85.8,16.6,21.8,0.0,51.2,0.5,0.0,59.2,27.0,95.7
22186,49.1,0.5,4.7,0.0,38.8,0.0,0.0,13.1,9.3,86.9
22368,83.3,5.0,23.3,0.0,40.0,30.0,0.0,53.3,1.7,100.0
22418,74.5,19.8,29.2,5.7,34.9,12.3,0.0,34.9,25.5,99.1
22483,72.2,9.3,6.2,2.5,49.4,5.6,0.0,39.5,3.1,93.8
22566,75.9,0.0,9.5,0.0,66.8,5.4,0.0,34.0,12.9,92.9
22640,66.7,15.9,33.3,0.0,14.5,13.0,0.0,34.8,0.0,97.1
22681,55.7,9.8,9.8,0.0,26.2,11.5,0.0,34.4,0.0,95.1
22764,85.4,7.3,28.0,0.0,40.2,15.9,0.0,52.4,13.4,97.6
22772,70.9,50.0,57.3,6.4,4.5,0.9,0.0,30.0,1.8,96.4
22798,81.1,19.4,30.0,0.0,38.2,44.2,0.0,34.1,4.6,94.5
22855,66.0,0.0,1.9,0.0,50.5,0.0,0.0,23.3,0.0,75.7
22863,94.1,27.5,33.3,0.0,7.8,60.8,0.0,39.2,25.5,100.0
22871,65.0,34.3,28.2,4.7,7.2,35.4,0.0,16.6,0.4,97.1
22947,80.5,18.3,29.6,0.0,26.6,36.1,0.0,42.0,4.1,93.5
23036,29.8,5.3,9.6,0.0,9.6,0.0,0.0,16.0,8.5,88.3
23119,51.3,18.4,22.6,5.7,16.1,13.8,0.0,20.7,2.3,97.3
23218,56.1,17.1,14.6,0.0,14.6,14.6,0.0,26.8,9.8,100.0
23242,69.4,15.6,27.2,3.3,37.8,27.8,0.0,35.6,22.2,96.7
23259,41.1,1.1,0.0,0.0,29.5,0.0,0.0,15.8,0.0,63.2
23325,76.5,35.8,18.8,20.1,8.5,7.2,1.7,30.7,17.1,98.3
23358,81.0,13.5,18.3,0.0,32.5,33.3,0.0,42.9,2.4,97.6
23424,93.0,8.2,27.8,0.6,88.6,8.9,0.0,25.9,14.6,98.7
23515,72.0,18.0,34.0,0.0,26.0,26.0,0.0,34.0,2.0,98.0
23606,71.2,34.0,35.9,22.9,19.0,7.2,0.0,17.6,1.3,100.0
23838,47.3,6.5,15.4,0.0,16.6,16.0,0.0,22.5,13.6,89.3
23846,61.2,9.7,7.0,0.2,16.0,22.8,0.0,27.5,6.8,83.3
23879,97.1,2.9,11.8,0.0,97.1,20.6,0.0,26.5,32.4,100.0
23960,75.5,9.2,19.4,0.0,31.6,26.5,0.0,57.1,9.2,95.9
23986,64.7,0.0,0.0,0.0,36.1,5.0,0.0,51.3,2.5,67.2
24026,82.4,16.2,32.4,0.0,13.2,27.9,0.0,48.5,30.9,98.5
24075,64.4,43.7,37.7,16.0,16.2,11.8,0.4,17.6,0.7,98.2
24117,73.8,5.7,2.5,0.0,23.8,25.4,0.0,44.3,3.3,82.0
24190,49.0,0.0,6.1,0.0,44.9,0.0,0.0,12.2,12.2,79.6
24208,74.1,25.9,23.1,0.0,16.8,37.8,0.0,36.4,23.8,96.5
24281,68.3,29.4,18.1,15.0,25.8,16.1,1.2,24.7,11.7,96.2
24372,64.5,28.0,37.4,0.0,20.6,42.1,0.0,29.0,7.5,99.1
24414,63.3,17.1,21.9,0.5,20.5,22.4,0.0,38.6,20.5,95.7
24422,51.4,18.3,19.5,9.1,11.9,21.2,1.2,28.6,8.4,91.9
24562,37.8,5.9,5.9,0.0,23.9,0.3,0.0,17.5,1.8,83.8
24570,64.5,21.2,14.8,11.3,27.2,1.5,0.0,34.0,21.6,95.7
24596,56.8,18.4,28.4,11.6,8.4,20.5,0.0,17.9,1.6,98.9
24661,57.0,0.0,0.0,0.0,49.7,0.0,0.0,8.9,0.6,74.3
24745,70.4,21.8,35.3,21.8,19.0,12.5,0.0,30.8,4.6,97.6
24810,95.2,38.1,47.6,0.0,28.6,61.9,0.0,78.6,16.7,97.6
24851,95.3,11.6,2.3,0.0,41.9,9.3,0.0,67.4,4.7,97.7
24984,81.5,22.2,19.8,1.2,32.1,39.5,4.9,44.4,30.9,95.1
25023,93.2,6.8,21.9,0.0,89.0,5.5,0.0,13.7,28.8,97.3
25056,72.0,12.7,10.7,0.0,39.3,16.7,0.0,58.7,1.3,94.0
25080,64.7,13.8,25.0,0.0,30.2,11.2,0.0,31.0,9.5,97.4
25114,88.4,53.6,52.2,15.9,5.8,39.1,0.0,42.0,7.2,100.0
25122,73.0,8.1,13.5,0.0,35.1,35.1,0.0,64.9,13.5,100.0
25148,57.4,22.2,24.1,0.0,5.6,24.1,0.0,20.4,3.7,96.3
25155,78.8,11.5,19.2,0.0,53.8,40.4,0.0,48.1,46.2,96.2
25361,83.3,7.1,26.2,0.0,45.2,31.0,7.1,40.5,9.5,97.6
25437,45.9,11.5,11.5,0.0,19.7,13.1,0.0,16.4,6.6,88.5
25544,63.8,10.0,13.8,0.0,30.8,15.4,0.0,49.2,0.8,89.2
25783,88.5,8.2,19.7,0.0,70.5,19.7,0.0,50.8,21.3,98.4
25817,71.7,2.2,0.0,0.0,62.4,2.7,0.0,23.5,2.2,92.0
25866,72.9,6.5,2.8,0.0,34.1,20.6,2.8,39.3,11.2,92.5
25874,17.1,0.7,0.0,0.0,15.1,1.4,0.0,0.0,0.0,63.0
25932,61.0,16.9,18.4,4.8,30.9,21.7,0.0,32.7,4.4,94.1
26070,50.0,13.2,13.2,0.0,18.4,31.6,0.0,5.3,2.6,97.4
26112,64.9,8.8,31.6,0.0,21.1,17.5,0.0,10.5,1.8,93.0
26120,73.6,5.6,4.2,0.0,47.2,18.1,0.0,30.6,5.6,90.3
26229,67.0,40.7,40.7,0.0,20.9,11.0,0.0,14.3,12.1,98.9
26302,68.3,18.7,24.6,6.7,29.1,19.8,1.1,28.0,25.7,95.9
26336,55.5,28.8,19.5,7.4,11.0,19.5,0.0,14.6,1.4,93.7
26393,89.8,28.8,28.0,2.5,44.1,38.1,0.0,73.7,8.5,99.2
26419,52.0,14.2,9.5,0.0,16.9,15.5,0.0,25.7,7.4,94.6
26468,77.4,16.1,19.4,0.0,48.4,21.0,0.0,35.5,17.7,95.2
26567,74.7,4.8,12.0,0.0,33.7,27.7,0.0,32.5,9.6,96.4
26641,67.7,25.8,33.9,0.0,4.8,43.5,0.0,29.0,17.7,95.2
26765,80.0,25.0,15.0,0.0,25.0,5.0,0.0,65.0,30.0,95.0
26823,55.8,4.7,18.6,0.0,14.0,9.3,0.0,37.2,0.0,93.0
26849,62.2,20.0,13.3,0.0,31.1,28.9,0.0,35.6,20.0,97.8
26872,35.5,0.0,0.0,0.0,19.4,9.7,0.0,29.0,0.0,96.8
26906,68.2,19.5,30.3,17.9,30.8,17.9,0.0,28.7,8.7,87.2
26922,58.3,17.1,12.0,5.1,26.9,24.0,0.0,28.6,5.7,96.0
26955,97.1,37.1,37.1,0.0,48.6,65.7,0.0,42.9,37.1,100.0
27011,37.1,9.9,17.3,3.3,15.5,5.3,0.0,18.5,2.8,88.3
27060,65.6,1.6,7.8,0.0,53.1,9.4,0.0,26.6,17.2,93.8
27151,50.0,6.4,14.1,0.0,25.6,12.8,0.0,15.4,0.0,88.5
27169,92.0,32.0,4.0,0.0,74.0,50.0,0.0,66.0,0.0,100.0
27334,55.0,27.0,30.3,15.7,15.0,14.3,0.0,23.0,0.0,99.0
27367,81.5,25.2,10.5,6.9,53.0,13.1,0.3,54.8,16.5,96.4
27565,80.5,2.4,2.4,0.0,62.2,1.2,0.0,50.6,11.0,87.8
27573,57.2,14.4,14.7,7.8,24.5,11.1,0.0,15.7,1.3,91.2
27656,68.7,15.7,25.3,0.0,13.3,32.5,0.0,32.5,0.0,98.8
27680,79.3,4.5,7.1,0.0,64.1,11.1,0.5,18.2,1.5,86.4
27698,60.5,13.2,16.5,9.7,28.4,17.8,1.6,21.6,11.6,96.5
27722,92.2,15.6,28.6,0.0,16.9,45.5,0.0,58.4,27.3,100.0
27763,63.0,0.7,6.4,0.0,37.9,6.4,2.1,14.3,15.0,98.6
27771,78.9,10.0,20.0,0.0,24.4,46.7,0.0,36.7,6.7,98.9
27854,62.2,8.1,18.0,0.0,27.0,24.3,0.9,27.9,4.5,99.1
27862,58.9,20.5,19.2,6.2,17.8,11.6,0.0,29.5,0.0,96.6
27888,73.0,24.3,28.4,0.0,10.8,36.5,1.4,55.4,16.2,93.2
27896,82.6,14.8,28.7,2.6,27.8,36.5,0.0,33.9,4.3,95.7
27961,64.9,14.3,23.4,0.0,26.0,0.0,0.0,36.4,10.4,96.1
27995,69.9,19.2,23.1,3.2,5.8,32.1,0.0,34.0,7.7,97.4
28068,57.4,17.5,16.9,3.8,20.8,25.1,0.5,29.0,6.6,94.0
28076,80.2,24.3,21.6,0.0,7.2,46.8,0.0,30.6,11.7,100.0
28100,78.0,7.9,10.2,7.1,68.5,0.8,0.0,10.2,3.9,89.0
28183,87.8,20.9,25.2,2.6,50.4,7.0,0.0,55.7,21.7,96.5
28217,54.3,15.5,13.0,18.6,22.7,8.0,0.0,18.6,4.0,94.0
28365,69.7,15.1,27.9,7.7,20.2,10.4,0.0,38.3,4.9,92.9
28373,81.2,67.6,60.0,42.9,3.5,22.4,0.6,11.2,0.6,99.4
28399,90.1,12.3,21.0,16.0,39.5,4.9,0.0,23.5,12.3,97.5
28506,81.0,14.3,38.1,0.0,41.3,38.1,0.0,44.4,14.3,98.4
28548,76.3,57.4,53.3,39.2,6.2,17.9,0.0,17.7,0.0,98.6
28605,75.2,20.4,34.4,10.7,27.4,35.2,0.0,41.9,27.8,98.5
28670,61.6,17.6,24.5,0.0,14.5,27.7,0.0,37.7,14.5,99.4
28712,79.3,60.7,41.5,31.1,8.1,0.7,0.0,23.7,1.5,98.5
28779,70.5,21.0,35.2,0.0,17.1,37.1,1.0,28.6,5.7,98.1
28860,70.8,15.4,23.8,0.0,21.5,14.6,0.0,33.1,10.0,97.7
28894,78.8,61.3,65.0,41.3,3.8,12.5,0.0,1.3,1.3,100.0
28910,72.8,28.2,55.3,0.0,1.9,55.3,0.0,49.5,7.8,99.0
28936,88.6,34.3,45.7,0.0,11.4,71.4,0.0,8.6,2.9,100.0
29009,56.3,3.1,0.0,0.0,34.4,15.6,3.1,12.5,3.1,75.0
29025,68.0,4.0,10.7,0.0,45.3,20.0,0.0,26.7,18.7,98.7
29074,69.8,25.6,44.2,0.0,7.0,25.6,0.0,27.9,7.0,100.0
29280,77.5,23.9,29.6,0.0,29.6,32.4,0.0,33.8,7.0,100.0
29454,74.4,12.2,27.8,0.0,33.3,5.6,0.0,36.7,3.3,98.9
29470,70.1,26.0,19.5,2.6,26.0,27.3,0.0,29.9,2.6,100.0
29538,64.1,10.3,28.2,0.0,10.3,43.6,0.0,15.4,0.0,87.2
29637,49.3,13.5,23.0,2.0,19.6,2.0,0.0,23.0,2.7,96.6
29694,61.5,0.0,6.2,0.0,32.3,12.3,0.0,41.5,4.6,96.9
29702,68.8,25.9,14.4,11.8,16.5,21.2,1.8,46.8,1.2,95.6
29710,56.4,31.8,24.5,10.0,20.0,11.8,0.0,8.2,0.0,98.2
29744,80.3,60.2,33.3,15.7,13.7,29.4,0.0,28.9,6.5,98.3
29793,66.7,26.2,19.0,0.0,19.0,16.7,0.0,38.1,4.8,100.0
29843,67.2,6.6,4.1,0.0,26.2,31.1,0.0,36.1,0.8,95.1
29876,66.7,29.0,24.2,13.7,22.5,18.5,0.0,15.7,0.9,97.4
29991,67.7,5.1,0.0,0.0,38.4,12.1,0.0,51.5,1.0,96.0
30098,67.8,6.9,13.9,2.9,42.4,17.6,0.0,39.6,2.4,93.1
30155,77.4,63.0,49.9,28.1,6.7,24.8,0.0,7.8,0.0,99.4
30304,94.8,13.0,16.9,0.0,27.3,68.8,0.0,28.6,1.3,98.7
30429,78.3,18.3,11.7,0.0,16.7,38.3,0.0,51.7,13.3,93.3
30452,67.3,30.0,40.0,13.3,15.3,48.7,1.3,10.0,10.0,96.0
30569,63.7,6.6,14.3,0.0,40.7,14.3,0.0,16.5,9.9,95.6
30585,76.0,6.7,16.3,0.0,34.6,23.1,0.0,43.3,12.5,94.2
30759,71.7,11.8,12.8,8.9,46.1,8.9,0.0,18.4,3.9,98.1
30841,49.6,19.4,16.5,0.7,21.6,23.7,0.0,12.9,6.5,93.5
30932,61.5,12.8,10.3,1.3,5.1,6.4,1.3,42.3,19.2,93.6
31104,61.9,4.8,6.8,0.0,38.1,0.7,0.0,25.9,6.1,87.1
31138,71.6,3.4,1.7,0.0,67.2,0.0,0.0,48.3,3.4,84.5
31187,64.0,10.5,11.4,7.0,43.0,17.5,0.9,26.3,4.4,94.7
31393,73.6,49.0,33.7,22.1,5.3,23.1,0.0,8.2,2.9,100.0
31583,44.4,1.6,0.0,0.0,33.3,0.0,0.0,12.7,0.0,95.2
31666,97.3,5.4,10.8,0.0,56.8,32.4,0.0,78.4,8.1,97.3
31716,75.0,16.7,16.7,0.0,16.7,29.2,0.0,41.7,41.7,100.0
31732,77.5,12.7,15.7,0.0,46.1,21.6,1.0,56.9,20.6,95.1
31815,79.5,1.4,9.6,0.0,65.8,8.2,0.0,45.2,15.1,97.3
31831,85.7,32.9,17.1,0.0,20.0,38.6,2.9,42.9,4.3,98.6
31856,63.0,17.8,24.4,2.2,22.2,28.9,0.0,2.2,0.0,95.6
31872,75.2,14.2,24.1,0.0,42.6,11.3,0.0,41.1,1.4,98.6
31880,79.5,11.1,7.7,0.0,41.0,25.6,0.0,43.6,9.4,95.7
31898,50.0,4.2,22.2,0.0,15.3,18.1,0.0,18.1,11.1,97.2
31989,68.0,19.4,23.5,14.4,30.5,15.0,1.5,16.4,4.7,96.5
31997,91.5,10.6,25.5,0.0,31.9,29.8,0.0,83.0,57.4,95.7
32243,78.4,73.6,45.2,37.0,1.9,31.7,0.0,3.8,0.0,99.5
32276,39.1,2.5,1.9,0.0,24.8,0.0,0.0,15.5,10.6,78.3
32508,79.7,22.2,41.0,13.7,31.6,10.4,0.0,41.0,4.2,95.3
32607,66.0,19.1,19.1,0.0,9.6,33.0,0.0,26.6,21.3,91.5
32755,67.3,29.6,27.4,2.2,14.2,35.4,0.0,32.3,0.4,96.5
32763,67.6,13.5,9.5,0.0,30.4,17.6,0.0,43.9,19.6,92.6
33050,97.1,41.2,44.1,0.0,32.4,79.4,0.0,35.3,0.0,100.0
33084,61.5,29.7,20.9,9.3,19.0,17.5,0.0,20.9,0.7,92.7
33282,68.1,8.8,14.2,0.0,34.5,1.8,0.0,40.7,11.5,91.2
33472,54.2,14.5,25.9,4.2,23.5,17.5,0.0,6.0,1.8,97.6
33555,47.9,7.1,12.1,0.4,20.4,7.9,0.0,30.0,0.8,90.8
33563,77.9,15.4,29.8,1.0,26.0,26.9,0.0,48.1,5.8,100.0
33944,75.6,22.0,51.2,0.0,4.9,63.4,0.0,9.8,2.4,85.4
34090,55.4,5.4,19.6,0.0,25.0,8.9,0.0,25.0,10.7,98.2
34108,56.5,38.4,35.4,13.5,7.3,0.8,0.0,7.6,0.0,94.3
34199,65.5,0.0,1.7,0.0,52.9,0.0,0.0,22.7,7.6,78.2
34256,74.2,10.6,11.4,0.0,26.5,23.5,0.0,34.1,9.1,94.7
34264,53.2,6.5,0.8,0.0,29.0,15.3,0.0,24.2,20.2,93.5
34272,70.4,33.7,29.1,10.1,26.6,14.6,0.0,28.6,4.0,94.5
34306,74.5,21.8,17.6,4.8,15.8,19.4,0.0,50.3,12.1,93.9
34314,84.6,7.7,16.9,0.0,35.4,27.7,1.5,35.4,30.8,98.5
34363,55.2,18.2,21.2,0.0,7.9,28.5,0.0,22.4,1.2,95.8
34538,61.9,0.0,3.6,0.0,46.4,15.5,0.0,0.0,0.0,89.3
34561,62.0,8.3,13.1,0.0,32.8,24.0,1.7,33.6,5.2,84.3
34793,77.2,18.5,21.7,2.2,23.9,27.2,1.1,43.5,2.2,98.9
34835,70.7,56.1,47.3,41.9,4.3,11.4,0.0,11.1,0.3,99.1
34918,77.2,12.3,21.1,0.0,22.8,28.1,1.8,54.4,8.8,96.5
35063,63.0,1.7,0.0,0.0,48.3,1.7,0.9,14.7,0.0,76.7
35089,59.4,19.2,23.3,10.5,20.3,16.2,0.0,21.1,1.1,91.7
35170,63.1,20.4,5.8,0.0,8.7,19.4,0.0,36.9,0.0,97.1
35196,85.0,13.3,11.7,0.0,31.7,35.0,0.0,51.7,3.3,96.7
35204,72.2,11.1,30.6,0.0,30.6,2.8,0.0,40.3,16.7,97.2
35220,51.1,20.0,24.4,0.0,0.0,28.9,0.0,13.3,2.2,95.6
35345,85.6,27.8,25.6,0.0,33.3,50.0,0.0,42.2,2.2,98.9
35469,52.2,21.7,18.8,2.9,34.8,5.8,0.0,20.3,20.3,95.7
35477,64.6,15.6,20.2,5.8,29.6,20.2,1.2,23.3,8.6,94.6
35485,78.1,10.6,21.9,0.0,53.1,23.8,0.0,40.6,26.9,95.0
35527,60.6,5.7,13.1,3.9,42.6,6.5,0.0,13.3,2.1,88.0
35584,37.7,4.3,1.4,0.0,26.1,4.3,0.0,27.5,2.9,97.1
35626,61.5,15.6,35.6,0.0,8.9,24.4,0.0,22.2,2.2,95.6
35659,92.0,29.3,30.7,0.0,10.7,44.0,0.0,56.0,32.0,100.0
35865,54.0,6.1,1.8,0.4,38.1,0.7,0.0,25.5,12.9,75.9
35956,78.3,6.7,18.6,0.0,41.5,39.1,0.0,60.1,26.1,86.6
36020,64.2,8.0,43.8,0.0,6.8,51.7,1.7,13.1,1.1,98.9
36095,78.0,6.8,35.6,0.0,28.8,35.6,0.0,45.8,5.1,94.9
36152,46.9,14.6,10.0,11.5,13.8,3.1,0.0,14.6,0.0,94.6
36210,66.3,35.3,26.8,10.2,14.8,12.0,1.2,28.4,1.8,95.8
36244,70.2,10.6,25.5,0.0,46.8,25.5,0.0,42.6,17.0,91.5
36269,59.7,27.3,11.7,7.8,10.4,7.1,1.9,30.5,0.6,96.1
36277,71.2,29.9,23.0,20.9,17.9,26.9,0.0,30.5,17.7,96.8
36301,90.2,13.9,22.1,0.8,79.5,18.9,0.8,23.8,28.7,95.9
36327,43.3,16.7,30.0,0.0,10.0,6.7,0.0,13.3,0.0,100.0
36582,69.2,10.6,19.2,0.0,26.0,5.8,0.0,50.0,16.3,95.2
36640,69.4,54.3,37.9,35.3,9.7,7.3,0.7,10.2,0.5,97.2
36707,75.5,27.3,28.5,13.2,9.6,32.7,0.0,51.8,0.0,94.1
36749,88.9,7.9,9.5,0.0,52.4,4.8,0.0,73.0,15.9,96.8
36822,60.0,13.7,6.5,0.2,27.8,18.6,4.0,25.0,0.4,98.7
36830,74.1,0.0,0.0,0.0,57.6,17.6,0.0,9.4,0.0,83.5
36863,66.1,30.9,24.6,7.6,17.4,9.7,0.0,20.8,3.4,98.7
36897,64.3,28.1,36.2,7.0,13.0,0.0,0.0,31.4,0.5,97.8
36954,72.0,14.9,15.5,8.9,29.2,37.5,2.4,33.9,4.8,98.2
36962,62.1,19.5,31.9,2.3,13.8,23.8,1.7,27.9,1.3,94.6
36988,60.4,5.2,9.9,1.9,33.0,18.9,0.0,32.1,2.4,91.0
37101,68.3,0.0,0.0,0.0,68.3,0.0,0.0,0.0,0.0,70.7
37275,77.0,21.8,47.1,0.0,18.4,0.0,0.0,31.0,3.4,97.7
37291,67.7,34.8,30.8,7.5,14.9,31.3,0.0,14.9,10.0,98.5
37390,73.2,4.2,26.8,0.0,31.0,45.1,0.0,23.9,7.0,88.7
37481,61.1,10.3,11.3,3.1,28.5,16.9,0.0,28.5,0.0,91.2
37515,66.9,17.4,13.5,0.0,19.1,32.6,0.0,26.4,0.6,99.4
37531,71.2,12.3,20.5,0.0,34.2,24.7,0.0,50.7,1.4,98.6
37564,72.5,20.2,25.7,0.0,12.8,32.1,0.0,38.5,4.6,94.5
37598,70.2,27.5,25.4,0.0,27.8,34.5,0.3,23.7,2.0,96.8
37663,73.6,29.7,31.9,7.7,33.0,29.7,0.0,37.4,12.1,92.3
37671,86.7,17.8,53.3,0.0,36.7,38.9,0.0,52.2,0.0,97.8
37697,50.0,6.8,0.0,0.0,23.9,8.0,0.0,42.0,25.0,96.6
37705,81.4,10.2,13.6,0.0,54.2,3.4,0.0,39.0,23.7,100.0
37846,54.9,9.7,18.6,0.0,23.0,19.5,0.0,27.4,8.0,93.8
37861,77.2,14.6,29.7,3.2,34.8,38.6,1.3,20.3,12.7,95.6
37911,85.6,15.5,26.8,0.0,62.9,15.5,3.1,38.1,1.0,97.9
37945,74.5,60.9,49.7,49.9,3.5,5.5,0.0,4.8,0.2,97.1
37952,71.8,12.2,21.4,0.0,48.9,0.0,0.0,40.5,25.2,94.7
37960,75.8,0.0,3.0,0.0,39.4,33.3,0.0,69.7,0.0,87.9
37994,68.4,10.3,10.3,0.0,20.5,23.9,0.0,41.9,7.7,91.5
38042,63.0,6.8,17.9,0.0,24.8,15.4,0.9,27.4,8.5,93.2
38109,70.4,16.8,9.5,3.6,47.8,5.9,0.0,48.6,7.0,88.3
38125,80.8,17.9,33.3,1.3,32.1,34.6,0.0,39.7,16.7,94.9
38174,75.7,22.1,39.3,7.9,18.6,42.9,2.1,30.0,18.6,98.6
38232,65.7,22.9,41.4,0.0,12.9,20.0,0.0,41.4,1.4,98.6
38265,60.6,11.5,17.6,3.6,25.5,3.0,0.0,24.2,13.9,98.8
38299,44.4,0.0,5.6,0.0,16.7,22.2,0.0,27.8,0.0,100.0
38349,57.6,19.7,25.8,0.0,13.6,28.0,1.5,17.4,1.5,97.7
38414,86.1,29.6,38.0,2.8,25.0,60.2,0.0,37.0,10.2,99.1
38471,69.2,12.0,18.0,0.0,37.6,2.3,0.0,27.8,12.0,97.7
38554,74.2,18.5,27.4,0.8,37.9,21.8,0.0,35.5,26.6,96.0
38588,63.0,7.2,15.1,0.0,30.3,10.8,0.0,12.4,7.6,94.8
38653,67.1,37.6,27.2,19.7,8.1,14.5,0.6,21.4,2.9,98.8
38695,68.2,15.2,26.5,0.0,21.2,25.8,0.0,31.8,2.3,98.5
38737,63.0,16.0,18.5,4.9,18.5,13.6,0.0,28.4,12.3,93.8
38760,83.7,18.4,15.3,0.0,12.2,56.1,0.0,42.9,11.2,100.0
38836,50.0,7.8,7.8,0.0,14.4,13.3,0.0,32.2,2.2,94.4
38893,50.0,18.5,22.2,0.0,9.3,37.0,0.0,5.6,0.0,81.5
38935,66.2,38.8,30.7,12.9,6.3,24.4,0.0,26.4,9.9,96.2
38950,47.3,3.6,2.4,0.0,36.1,8.3,0.0,16.6,6.5,66.3
39073,78.1,68.2,42.0,56.4,0.0,27.8,0.0,0.0,0.0,99.8
39081,51.4,5.4,29.7,5.4,13.5,0.0,0.0,13.5,0.0,91.9
39107,54.6,2.8,0.0,0.0,46.8,0.0,0.7,9.9,1.4,80.1
39164,64.1,17.1,23.3,0.0,28.6,20.4,0.0,33.9,3.7,94.7
39248,86.6,15.9,27.4,1.8,36.6,44.5,3.0,56.7,4.3,98.8
39263,69.4,1.7,1.7,0.0,51.2,8.3,0.0,13.2,0.0,97.5
39602,74.1,7.5,22.3,1.0,40.7,16.1,0.0,53.4,3.6,87.9
39701,54.2,10.2,18.6,4.0,26.0,14.7,0.0,26.0,7.3,89.3
39750,94.6,21.6,29.7,0.0,37.8,59.5,0.0,37.8,2.7,100.0
39784,63.7,7.7,18.7,0.0,20.9,13.2,0.0,39.6,5.5,96.7
39842,50.6,15.6,19.8,8.4,15.3,20.7,0.3,13.8,1.5,96.1
39883,72.5,19.6,17.0,0.0,24.2,15.0,0.7,35.9,17.6,92.8
39909,67.7,9.0,17.4,0.0,47.7,0.6,0.0,36.8,0.6,94.8
40048,47.0,7.5,0.2,1.1,21.8,16.4,0.0,23.0,8.4,85.7
40055,81.3,32.1,40.2,10.7,34.8,21.4,0.0,24.1,4.5,97.3
40071,54.8,22.6,22.6,0.0,17.9,23.8,1.2,21.4,4.8,98.8
40097,71.1,5.3,13.2,0.0,23.7,10.5,0.0,55.3,13.2,94.7
40261,76.7,8.6,25.9,0.0,43.1,0.0,0.0,56.0,11.2,94.8
40279,51.2,2.4,19.5,0.0,19.5,24.4,0.0,22.0,0.0,87.8
40527,67.8,1.4,0.0,0.0,58.0,7.7,0.0,4.9,4.2,81.8
40667,69.5,0.0,16.9,0.0,49.2,6.8,0.0,33.9,0.0,93.2
40675,57.1,32.6,18.8,18.5,12.2,4.9,0.0,14.9,0.8,93.5
40683,61.0,9.8,17.1,0.0,22.0,0.0,0.0,40.7,14.6,93.5
40758,65.9,49.2,37.4,24.3,5.2,12.1,0.0,6.6,0.0,97.0
40931,40.8,18.4,22.4,2.0,13.3,0.0,0.0,11.2,1.0,99.0
40964,63.0,15.4,10.6,0.9,35.2,13.2,0.9,14.1,1.3,81.9
41004,97.8,11.1,20.0,0.0,93.3,37.8,0.0,53.3,6.7,100.0
41020,28.9,3.2,6.9,0.0,10.1,7.3,0.0,14.7,0.9,84.9
41046,60.1,10.9,5.5,2.0,38.3,0.0,0.0,42.0,0.2,87.3
41202,50.0,20.5,19.6,1.8,9.8,0.0,0.0,27.7,8.0,99.1
41319,63.6,3.7,18.7,0.0,16.8,7.5,0.0,54.2,15.9,95.3
41368,86.3,16.3,20.9,14.1,51.6,7.5,0.9,44.7,8.4,94.4
41376,64.5,56.4,38.1,35.7,3.0,4.6,0.0,12.6,0.7,97.2
41442,79.8,20.2,7.1,1.2,41.7,28.6,6.0,40.5,1.2,100.0
41558,65.7,6.7,13.5,0.0,27.0,22.5,0.0,43.8,9.6,91.0
41723,62.9,2.9,11.4,0.0,28.6,5.7,0.0,31.4,0.0,91.4
41848,52.2,7.5,5.6,0.0,24.8,15.5,0.0,29.8,10.6,95.7
42044,64.2,17.3,27.2,1.2,18.5,35.8,0.0,23.5,9.9,98.8
42051,51.0,18.5,35.8,7.9,4.0,9.3,0.0,14.6,0.7,97.4
42085,64.3,14.3,40.5,2.4,14.3,50.0,0.0,14.3,7.1,97.6
42150,63.0,0.0,1.0,0.0,37.9,1.0,0.0,25.2,2.9,65.0
42218,66.3,21.3,22.1,10.4,16.7,21.3,0.8,28.3,4.2,95.0
42283,58.9,29.0,29.0,14.7,13.3,15.4,0.0,17.8,0.2,94.5
42333,92.6,16.7,44.4,0.0,70.4,16.7,0.0,46.3,44.4,100.0
42341,62.8,2.6,16.7,0.0,24.4,26.9,0.0,32.1,1.3,97.4
42366,55.8,15.1,11.6,0.0,16.3,12.8,0.0,37.2,10.5,97.7
42382,73.9,50.0,47.2,49.3,3.5,8.5,0.0,14.1,0.7,99.3
42408,58.7,11.9,18.3,3.6,24.2,13.1,0.0,27.8,3.6,90.9
42416,48.1,29.6,35.2,20.4,0.0,1.9,0.0,16.7,0.0,98.1
42564,81.3,4.0,16.0,0.0,40.0,34.7,0.0,30.7,4.0,97.3
42572,73.1,14.8,20.4,0.0,43.5,11.1,0.0,37.0,11.1,95.4
42598,72.3,5.8,8.7,0.0,45.1,16.2,0.6,19.1,1.2,94.8
42796,78.3,12.0,17.2,2.6,37.1,14.2,1.9,34.8,6.7,94.4
61317,72.5,20.6,21.6,1.0,17.6,25.5,0.0,41.2,12.7,90.2
61325,54.5,34.4,20.1,4.3,16.0,21.4,0.0,11.7,0.9,92.0
61333,63.0,10.6,9.2,1.0,38.2,12.3,0.0,28.0,3.4,88.2
61812,72.6,34.6,37.6,13.7,15.0,34.6,0.0,43.6,4.3,97.0
63461,63.0,0.0,0.0,0.0,27.3,0.0,0.0,7.6,0.0,78.8
64147,66.0,1.6,18.9,0.0,50.3,8.0,0.0,14.1,2.2,92.9
64576,24.5,16.3,0.0,0.0,6.1,2.0,0.0,0.0,0.0,90.8
64683,76.0,4.5,5.9,0.9,47.5,14.9,0.5,40.7,0.9,92.8
64758,76.0,55.3,36.0,36.0,11.0,31.3,0.4,13.9,2.7,97.9
64865,60.3,4.8,9.6,0.0,29.5,18.5,0.0,30.8,0.0,97.3
66795,86.2,0.7,3.3,0.0,62.5,11.2,0.0,67.1,11.8,90.8
67728,51.1,2.6,1.6,0.0,39.5,3.7,0.0,10.5,0.0,71.1
67736,66.0,1.3,2.0,0.0,59.3,4.0,0.0,6.0,0.7,78.7
67959,55.4,32.2,21.4,15.9,12.8,18.0,0.0,14.8,0.9,93.3
68239,79.7,5.3,8.6,0.0,57.8,0.5,0.0,36.4,3.2,92.5
68502,67.4,47.5,43.8,34.1,10.1,6.9,0.0,12.7,3.6,96.0
68528,67.6,2.7,7.4,0.0,56.1,10.8,0.7,14.2,0.0,86.5
68536,72.1,13.2,6.1,2.0,51.8,10.2,2.0,19.3,3.0,95.9
68551,79.7,30.6,37.4,16.0,17.1,35.9,0.0,49.5,0.0,95.7
68577,42.3,5.1,16.8,0.0,6.6,23.4,0.0,17.5,2.2,91.2
68619,71.7,15.2,0.0,10.1,22.2,48.5,0.0,58.6,1.0,99.0
98590,43.2,8.4,15.8,4.2,18.9,8.4,0.0,0.0,3.2,94.7
98640,64.2,36.9,31.8,20.2,11.6,11.1,2.6,20.7,0.9,97.7
111138,77.7,5.0,19.0,0.0,48.8,21.5,0.0,40.5,13.2,90.9
112094,61.6,37.6,29.3,14.6,13.3,13.8,0.0,13.3,0.3,93.9
120485,61.9,29.4,19.7,17.8,17.5,20.8,1.7,14.4,1.4,93.9
123539,63.3,38.3,24.5,13.0,14.6,15.4,0.0,19.1,0.3,92.8
123836,64.6,31.8,20.8,6.6,22.5,20.8,0.0,30.2,0.3,94.6
132761,36.4,0.0,0.0,0.0,36.4,0.0,0.0,0.0,0.0,63.6
133256,29.7,8.1,6.8,0.0,14.9,2.7,0.0,10.8,9.5,91.9
133421,32.5,5.0,7.5,0.0,17.5,10.0,0.0,0.0,0.0,72.5
133439,6.5,6.5,0.0,0.0,0.0,0.0,0.0,0.0,0.0,90.3
133512,97.4,2.6,13.2,0.0,94.7,5.3,0.0,0.0,0.0,97.4
133629,63.0,4.0,10.0,0.0,18.0,14.0,0.0,0.0,0.0,90.0
133660,93.4,11.0,11.8,0.0,89.7,11.0,0.0,18.4,4.4,98.5
133942,77.0,12.6,27.6,0.0,5.7,6.9,0.0,67.8,0.0,95.4
134122,0.0,0.0,0.0,0.0,0.0,0.0,0.0,0.0,0.0,20.0
136101,56.5,28.0,26.7,23.6,15.2,14.9,0.0,14.0,0.6,99.1
138198,59.6,4.4,5.9,0.0,34.6,8.8,0.0,24.3,0.7,92.6
139311,79.1,24.5,30.0,0.0,27.3,38.2,2.3,31.4,4.1,97.7
140152,24.4,0.0,0.0,0.0,21.4,0.0,0.0,3.1,0.0,32.8
142018,52.4,20.6,13.1,2.8,21.1,19.8,0.0,22.4,2.1,91.8
142034,70.2,5.3,0.0,0.0,49.1,8.8,0.0,21.1,0.0,96.5
142398,25.3,0.5,0.0,0.0,21.5,2.7,0.0,2.2,0.5,55.4
142950,31.4,5.6,2.6,0.1,20.7,1.8,0.0,6.1,0.9,72.1
143396,7.2,0.6,0.1,0.0,5.8,0.1,0.0,1.2,0.0,35.8
143610,26.4,14.9,20.7,0.0,0.0,8.0,0.0,0.0,0.0,93.1
143644,63.0,0.0,5.0,0.0,35.0,0.0,0.0,27.5,2.5,85.0
145086,65.2,32.8,24.3,15.2,22.8,19.6,0.0,20.1,0.0,97.3
145557,63.0,0.0,0.5,0.0,48.1,1.9,0.0,0.5,0.0,74.5
145722,75.0,0.0,1.8,0.0,67.9,25.0,0.0,39.3,1.8,89.3
145953,74.2,58.3,49.0,30.4,4.0,20.6,0.0,14.2,0.2,99.8
146183,64.1,43.8,20.6,18.1,15.3,15.5,0.0,12.0,1.3,93.9
146365,69.7,0.0,5.4,0.0,60.6,7.5,0.0,3.3,0.0,87.6
146373,95.5,56.8,0.0,0.0,47.7,59.1,0.0,95.5,0.0,100.0
146480,84.0,6.4,8.5,0.0,61.7,7.4,1.1,62.8,14.9,95.7
146928,85.4,75.5,51.3,38.8,3.4,34.8,0.4,6.5,1.9,98.5
147397,38.8,26.2,17.5,9.7,1.0,3.9,0.0,11.7,0.0,96.1
147520,84.2,0.0,0.0,0.0,81.5,13.0,0.0,35.6,3.4,87.7
147538,72.1,0.0,0.0,0.0,56.3,22.6,0.0,2.6,2.1,90.0
